token,amount,start,end,owner,newowner,duration
1,156239,1660939489,1802908800,0x23976fb0311d85b2d559e3ed2d0810ebd231cb78,0x7202136d70026DA33628dD3f3eFccb43F62a2469,1643
5,2054,1661081454,1767830400,0xad47c8b0d224c4a9dd431b2877ccdb886eb52949,,1236
6,1062,1661082069,1767830400,0x6ae07f823e9be3889ddd984716fad9faf3836d76,,1236
7,2009,1661082191,1751500800,0xdadd7dac370072311e3166019feb3d55877fe910,,1047
8,10335,1661082214,1787184000,0x42aaf70a09e9385dfa70b3d573d021c79ea1c901,,1460
9,1076,1661082537,1766620800,0x8af163e286773ba2d80912cb2f18efdad51cb2ab,0x7e44bA2f5f42Aa7c5da1Be152737d376A57b8377,1222
10,738,1661083414,1761782400,0x7e3725ab300dce7f6b47183232e44e538dfdacaa,,1165
11,2520,1661083690,1787184000,0x7c1e8970b36e6a327255035314f6f7b57c20eb58,,1459
12,624,1661084142,1765411200,0x37f31de56cd8844c8170c54877a201af3541ae12,,1207
13,8423,1661084481,1767830400,0xc9485cd3bed4d3f841adc35889591fd4e94c987a,,1235
14,78694,1661085422,1767830400,0x75f74de8c945725703f1a000521dc72a4f27701e,,1235
15,11000,1661085721,1761177600,0xc9485cd3bed4d3f841adc35889591fd4e94c987a,,1158
16,2080,1661085986,1803513600,0x4ee470e115b1eb569920725093c41430eb528e95,,1648
17,5200,1661086467,1764806400,0x5372accb490a498f9a0ea9d1050932c32e306d8d,,1200
18,3000,1661086696,1780531200,0x5372accb490a498f9a0ea9d1050932c32e306d8d,,1382
19,2501,1661087861,1767225600,0x63b38cfd568b5ba7f3e124b5a70603262d834e5f,,1228
20,2377,1661088442,1762387200,0xdf46e7abec81c028aa5de7c71219a346f86b6c73,,1172
22,1107,1661089527,1760572800,0x11d72223368d5fc6f2dbc63458c2141e7a108053,,1151
23,1559,1661093858,1787184000,0xc403400832e973011516de452bdf14b4f8266c6e,,1459
25,4000,1661106860,1787184000,0x5372accb490a498f9a0ea9d1050932c32e306d8d,,1459
27,200,1661107787,1753315200,0x4ee470e115b1eb569920725093c41430eb528e95,,1067
28,110,1661107787,1779926400,0x5372accb490a498f9a0ea9d1050932c32e306d8d,,1375
29,120,1661107787,1767225600,0x5372accb490a498f9a0ea9d1050932c32e306d8d,,1228
30,110,1661107787,1775692800,0x5372accb490a498f9a0ea9d1050932c32e306d8d,,1326
31,7449,1661108487,1766620800,0x964b2c3df9f29ded421ab05974306255f20a1f98,,1221
32,4508,1661113053,1764201600,0x1ba2f1eea3ac21cb53c88522bfe32a051d601872,,1193
33,12741,1661126458,1761177600,0x29dff89ec15dd66d8c1b7b53325ed1e90c2f9fa6,,1158
34,35807,1661126543,1749686400,0x29dff89ec15dd66d8c1b7b53325ed1e90c2f9fa6,,1025
35,1315,1661151192,1764806400,0x16dcf38af6bbd0c673cb1e6c05d2220965554a61,,1200
36,2941,1661180464,1787184000,0x2cafe9cba9da5a49e3ff28eb63958c2583cd552a,,1458
37,25000,1661183155,1787184000,0x0fb11728d48ce180538490b3a09fa7c11cf4a344,,1458
38,14100,1661183497,1765411200,0x77cd66d59ac48a0e7ce54ff16d9235a5ffff335e,,1206
39,3810,1661183627,1765411200,0x2574f8351a6a47493b48fb6df4fd932521340de0,,1206
40,15003,1661183930,1767830400,0x3bf43d5f01e2de17875111cd2b86aea6a08e3704,,1234
41,7084,1661184071,1765411200,0xe48ff39b6811fd3bc5c81b8eb2d7a2c5b2604863,,1206
42,622,1661185509,1787184000,0xd821db770d6efd8b2533bba3ce33f5c3c71a2161,,1458
43,1058,1661185914,1768435200,0xa00706c3b08db136a9e9300d0c5d22444b03b877,,1241
44,622,1661186415,1787184000,0x0162e0554f115dbf4e7cccde0b0ca15ed4c73d9e,,1458
45,519,1661186493,1787184000,0xb6a0b10d2e6f92197b877c064ade6bbf592e1a60,,1458
46,510,1661186699,1787184000,0xa3d078c8048de8695bc30ff2001a37bc926f432d,,1458
47,1196,1661187597,1764806400,0xf1e59a9e96afaf1ae0e3e61a5560c977368b5e29,,1199
48,1125,1661191944,1767830400,0xc403400832e973011516de452bdf14b4f8266c6e,,1234
49,1143,1661192147,1779926400,0x6945b43512cf7dabf002533bc4a01a49fd920372,,1374
50,2815,1661192322,1764806400,0xfe655ec770e2b532c85e9867f79fb4a8c2dcf4de,,1199
51,1023,1661192690,1767830400,0x5372accb490a498f9a0ea9d1050932c32e306d8d,,1234
52,583,1661193864,1749081600,0x80f227a6f50d75f31e83e881d26ad22d147e2fd3,,1017
53,250,1661194341,1787184000,0x0040daac32d83c78546ae36da42a496b28ab09e1,,1458
55,1000,1661195900,1735171200,0x95fede89bfd1511805f949abb46ae831df3f56d7,,856
57,737,1661202238,1765411200,0x71fcd8ec340677d02ebc2be62042d8b3d00c0590,,1206
58,546,1661203000,1767830400,0x9a5b081fe82f47f56f6a81f9047cc5b39788e058,,1234
59,2515,1661203620,1787184000,0x831d9794ba02a2fa81caef8202dff99030cf0415,,1458
60,102,1661204382,1784764800,0xe44c3c04addefdf462c0b0cf9069815f94f58d61,,1430
61,326,1661205340,1764806400,0xa42b37b50fe7f1a4850e66881c22e80a80a08240,,1199
62,1095,1661205432,1763596800,0x604dcda0f15ed0923b5ae66e5c6d1611019b794a,,1185
63,1035,1661205432,1783555200,0x626b918ef2625eb2d47eca3fd8e7774c34613ee1,,1416
64,1000,1661205649,1763596800,0x9402229b147566037f850cdbb2f3a1bc58bf6783,,1185
65,533,1661205781,1761177600,0x1f906ab7bd49059d29cac759bc84f9008dbf4112,,1157
66,615,1661206470,1766016000,0x77692ec8dff80d651c4e27574234429861e06a8f,,1213
67,302,1661206697,1765411200,0x8cdf509f6d67cd11379edbe468f749ca32a25176,,1206
69,1000,1661208826,1787184000,0x941b6117f7059c484d66e8f24ed38cb40a1667cd,,1458
70,500,1661210540,1780531200,0x4b8f2c23811bb8d46538a3b2c6f4eae4f9508ce9,,1381
71,5500,1661212330,1767830400,0x1ff4c0ae0f386c16d297d7580b872da90fadae2c,,1234
72,304,1661214095,1767830400,0x60068459bb92d88acbc4a2e9c0b21f2ddc41ee59,,1234
73,903,1661214186,1765411200,0xbeb439195367d87184733badb1f4f26a7df9c576,,1206
74,1180,1661219119,1767830400,0x350a885ea8744c28a26e6b874dd7a50c5d0e72be,,1234
75,1291,1661219329,1769644800,0x35d60a396672dff5171becffc59d4bfcb0fcb7ab,,1255
76,5067,1661226189,1767830400,0x46df537be86be25e287404ea2d8c204f45b27f3d,,1234
77,603,1661233180,1765411200,0x3a2ed3fcb00814e325eadbaba88bb903047c3fed,,1206
78,558,1661233633,1777507200,0x44fc2834cdab3d22e885ef26ce1bcbe50c163ccf,,1346
79,519,1661233865,1804118400,0xe93b89fef7cbce1593bc6b504308666db0605996,,1654
80,612,1661233950,1787184000,0x21287bc0f05285fe0d2242b5b3ae8cee4a99b565,,1458
81,3000,1661234309,1773273600,0xed2b4fb23433814956fa8d47eba537f1bea98527,,1297
82,2000,1661234622,1762992000,0x830dc7165fb45d8a21cc40ce58e7be48f54d7733,,1178
84,344,1661237159,1787184000,0xeb471f3a4084504ad153bd0902d36181cd556bb1,,1458
85,307,1661239609,1764806400,0x35642de97d6376dd55240ffd35fafd2619515e54,,1199
86,1030,1661240258,1762387200,0x48731a48591b8a1869fa0f742334532a88b2ce92,,1171
87,307,1661244962,1778112000,0xf661ee1a3dc61ff13ad52583833ea0d95fa00f96,,1353
88,408,1661246620,1767830400,0xe5b46ea6a8e364a31cf67ce32dddb94c2b603d52,,1234
89,411,1661247026,1767225600,0x8af163e286773ba2d80912cb2f18efdad51cb2ab,0x7e44bA2f5f42Aa7c5da1Be152737d376A57b8377,1227
90,302,1661248825,1787184000,0x4415d2b6022634826976ab797fd26f1f7e7ea347,,1458
91,5205,1661249779,1764201600,0x857db2aa6295cce3bb4ba4f11f81c0fd58a37b6e,,1192
92,1152,1661249977,1698278400,0xb3d7e2431a2e21dd9474fd39062568eeb5d1dae7,,429
93,2068,1661254456,1768435200,0x753c46389ee4df0e56f72822b998d04c8fe19acb,,1241
94,351,1661254578,1761177600,0xf661ee1a3dc61ff13ad52583833ea0d95fa00f96,,1157
95,998,1661254924,1765411200,0xb66747241e41f0f44d7cd2d9ce0d08febbb7bf0e,,1206
96,137,1661260861,1765411200,0x2574f8351a6a47493b48fb6df4fd932521340de0,,1205
97,1154,1661261487,1765411200,0xacd67c3083b9e0e2d378b1ec77d6532571dc634e,,1205
98,571,1661261900,1765411200,0xbfcff3aa2579219ea47bbdc783d3e5afb2174895,,1205
99,110,1661263741,1787184000,0x5dc5c981c07d2e25386e009a8e5e07cb1f121d08,,1457
100,648,1661281931,1765411200,0x0862f5b6bd6f27ef606dc82f0edbbcdaa43f4cbd,,1205
101,835,1661282511,1761177600,0xe5dbd125da82787b8413912b2676dcdc66df7d7b,,1156
102,3000,1661284971,1787184000,0xf7fba8a566df2cbc5ab0e46ed7b1d213fa07b7e8,,1457
103,1335,1661285672,1761177600,0x4892db7037c4a4d1298fb58cce082008263a8416,,1156
104,997,1661285929,1772668800,0x42e86399bf7a083c3fd967d0853a1dac96854b14,,1289
105,997,1661286844,1772668800,0xfb1108b2b93e1cf84823a065f3d9507d8a34224a,,1289
106,304,1661290053,1765411200,0xd899cba83cfa75d45b6c9e9196c3599c307320fe,,1205
107,108,1661298240,1782345600,0xb4c25f0f872d7a47603ad744ded9459a685597e8,,1401
108,510,1661315514,1765411200,0x6ccff7807fc71fd391c64ed2d77b1ed91e576128,,1205
109,1014,1661316990,1767830400,0x94ed315472c96b45763a7ca7991103972d94b8c4,,1233
110,1030,1661321722,1767830400,0x0213dc37e2be77da1e0ed4fe78474051337f490e,,1233
111,142,1661326600,1767830400,0x3f547239849263f9e3383413cb4742e098404d39,,1233
112,758,1661328053,1768435200,0xf9bf5735755319da8cc648a392d58c0e639ebe28,,1240
113,500,1661335492,1779926400,0x918def53676ad8d5955c637c43983d1d7db46dea,,1373
114,1062,1661338591,1787184000,0xd9e4f4cfe02539164480d8368a11ee1f10b35174,,1457
115,310,1661341478,1764201600,0xcfcffe706f54910dd3c98f9a7297b76bf663295d,,1191
116,343,1661359005,1764806400,0xba7cf268cd6f327f853f9cdf638548c033ed8888,,1197
117,310,1661359607,1765411200,0xa7780ef36f99835a7973cd0606713f505fc7c386,,1204
118,5045,1661360031,1767830400,0x06d7e91ca4337e1bcc2192996eeb205a93d4ebbb,,1232
119,7800,1661379489,1767830400,0x45b4f1d285e750e60408496459153e41af174be4,,1232
120,103,1661385091,1785369600,0xd67d38c6bd7861d84207bf6d8ee129aca42b5acc,,1435
122,785,1661395912,1761177600,0x733ab147ef8f4efea84ced248f1afe74fbe21582,,1155
123,303,1661415488,1769040000,0x4e204d3fba00bd8d2a7ffeac94410671efad211e,,1246
124,320,1661417154,1769644800,0x0c9a01a29d64a4c54497f2780a1f6a49bd89ee97,,1253
125,677,1661425598,1764201600,0xeec117f77cbcda67aead88d55f4dd9666cd3b952,,1190
126,302,1661427952,1764806400,0x659082a1b071fe769fd4fc8acc3c056986375081,,1197
127,373,1661429824,1772064000,0xc148aa677d894295e91873ade125ba841c6a7d95,,1280
128,1071,1661450346,1787184000,0xd0ef643cacb56da91aee474d103cc46f2080f56c,,1455
129,10200,1661455306,1767830400,0xa9e0da4ba1b522b09d5f37abab08c0ebeb324f58,,1231
130,400,1661461542,1758153600,0x90f0a3a6c197c7a603b4959513aa74eed5ede044,,1119
131,305,1661461959,1767830400,0xb697cea2dd7a0b9c90be7da172831d91c32b70f8,,1231
132,301,1661463791,1765411200,0xec6f13d708dac0afe4feeb1ecc643c720eaad974,,1203
133,105,1661507550,1787184000,0xf152da370fa509f08685fa37a09ba997e41fb65b,,1455
134,58019,1661526325,1692835200,0x1b39db8c6a1f8b4182a292e5126a6fc785dce070,,362
135,54332,1661526484,1677110400,0x1b39db8c6a1f8b4182a292e5126a6fc785dce070,,180
136,689,1661526889,1767830400,0xd4330ba82770aa55b808179fa3553999929af90b,,1230
137,304,1661528367,1765411200,0xe2445f7773a059c33d70a1e4c6b4e96309d6a68c,,1202
138,39397,1661528662,1677110400,0x1b39db8c6a1f8b4182a292e5126a6fc785dce070,,180
139,303,1661528774,1765411200,0xa20d478ec8a491d122b59dce8bcdfe259a088b45,,1202
140,720,1661530403,1764806400,0xb9fbef8f9ed5151348e3d1d6e27e4f8dd7912d49,,1195
141,1304,1661540890,1760572800,0x1eef89d0c6354902b06daa3bdd2ddada2598ab97,,1146
142,506,1661543386,1765411200,0x900ad759cefe96cae74507e38446e7b642222cda,,1202
143,729,1661603024,1767830400,0x175b1aa14ebf9e0761d998bac8d7960bf0705f45,,1229
144,318,1661605672,1764806400,0xcfa69e7e5bd20a12eb676a03a350925b296143c5,,1194
145,1830,1661605938,1739404800,0x5807351c51535772fb85748c57f279cbc499e209,,900
146,310,1661606372,1764806400,0x0f52e9eb237f384a46afdae58c497728cf790dc7,,1194
147,4000,1661607370,1732752000,0x0b5665d637f45d6fff6c4afd4ea4191904ef38bb,,823
148,1614,1661611952,1787184000,0x73807a4e6eab716e246265a2c7fc69920a690215,,1453
149,2496,1661613225,1760572800,0x9f28af4c58d2e2b776c27d432409964cb6c74891,,1145
150,673,1661613540,1761177600,0x04b243e950e0274cbd715ad140c11757207d6191,,1152
153,974,1661618125,1787184000,0x19cf68b83128248fe1a8d41b360baf0f31a6037e,,1453
154,1375,1661625192,1787184000,0x5372accb490a498f9a0ea9d1050932c32e306d8d,,1453
155,416,1661630937,1762992000,0xdcbc0ea6bef5041068707d986c1e007c98cec03d,,1173
156,5150,1661635538,1760572800,0x270595e1e45e4d28e8eda95747f2e222aaa755ea,,1145
157,250,1661638763,1787184000,0xcd9142cba968d9ac2793671ab5b4fd324b864d7d,,1453
158,3273,1661667744,1760572800,0x4c9c9606b4a05eab15bfd5529d37901aa92adbaa,,1145
159,305,1661673171,1765411200,0x88f8346db22d35cd8eee861332d8e08a1e547dbd,,1201
160,1074,1661679076,1758153600,0x2f70642a50d74111be3460f97c604359bc245da8,,1117
161,552,1661679944,1765411200,0x4a786abfce88e92e343922e583e9241f3ac9c9fe,,1201
162,512,1661714115,1768435200,0xe1fd26028a0de4f2a26b100f1ce0e98d5e669aa3,,1235
163,12800,1661717256,1759968000,0x8addabf339c54aa0c6e8adb41c2cb2f1d68451f5,,1137
165,982,1661751289,1765411200,0x57f65790fa373e1c74ec570048a2c7b10668ad93,,1200
166,908,1661751489,1761177600,0x3edd4601ef01ef4de4f7a4ea265547580d519be5,,1151
167,612,1661756114,1767830400,0xdb88b11cf86dcd509e6204c8c007509516526309,,1228
168,303,1661756511,1767830400,0x33e64b201a02038f5380b2bc96130fe77c4e5419,,1228
169,489,1661758535,1787788800,0x7b5896437afd3314eb0666eff4af7026ffc04902,,1459
170,407,1661764114,1764806400,0x61cf0470da804fb52762aa76b25e2b62266b90b8,,1193
171,100,1661777709,1787788800,0x5041fc8ff3ecffcc0644220401090e921e272b77,,1458
173,200,1661788823,1787788800,0x19972f3dc1226e966ff4d7201e5c8125d50ff595,,1458
174,310,1661794132,1765411200,0x2e06bb4ddbf3f14516e6fb65e94cb84944aae8da,,1199
175,4018,1661808148,1765411200,0x336f2809f43fefb062a2b25f1c74a22a9bb26981,,1199
176,1796,1661835786,1804118400,0xdfc4d86c6ae7fe48d995246557368519447e6387,,1647
177,8187,1661848235,1778112000,0x5ff39c8fe39ea1812e2b163e7e485ef70d8c05a8,,1346
178,2212,1661908880,1765411200,0x8689162187f25db79a3c438c2836f75b09c4d65c,,1198
179,455,1661925455,1780531200,0x99aacdb295c6d6fae1d5c0f01a469430cf58e021,,1373
180,564,1661939128,1767830400,0x399a0ab358cd880b7df71896cdc8cc233ec1134a,,1226
181,308,1661955821,1767830400,0x7fe33afe1109a52d7f6311cc0b8b8388d547ea5c,,1225
182,2021,1661980543,1787788800,0x17bc9331ff977cab492d76a094683187b6bfbe48,,1456
183,10134,1662034448,1787788800,0xbda2703a6fb1177598e616a44585295d3af4e5f0,,1455
184,310,1662034471,1765411200,0xae3fea1052471716f08e3f31b08a89b5bbf05265,,1196
185,592,1662059272,1765411200,0x04fb3712c8452a90896ce7f49fc6182636963af6,,1196
186,312,1662099258,1764806400,0x47fd044fe4a240b193287c0bb564ef83c2011b98,,1189
187,380,1662141730,1765411200,0xb9df650383d84f2ad7ba1652b904f922e69b552e,,1195
188,774,1662210001,1761782400,0x898ba0e92247d28e1b1d6e8d061d31e378594646,,1152
189,343,1662220926,1764806400,0xbc4f67b7a61accf235a3639079c60fbc36a9284c,,1187
190,305,1662225246,1764806400,0x5ab025df2a86e324bba4491b7bf4bee9c2181562,,1187
191,648,1662227116,1765411200,0x7dd4b7c7d60ec09d77f504d4e5eaa8355f65dc75,,1194
192,310,1662244075,1765411200,0xba12a4b0369400279e4276f1c6a72185399c6542,,1194
193,648,1662264276,1765411200,0xe9442731e5c6db811b2efaef1e0d9abe62bf30db,,1194
195,1035,1662281021,1767830400,0x66522fefa6355c8a391109640fd0439e5b2bf20e,,1222
196,605,1662330589,1765411200,0x1a82a2b89a4ccd38b34377a33eddd8c790ef4516,,1193
197,200,1662368933,1788393600,0x6610f5bbeb3789239c080c4819dd96d5d731a2ee,,1459
198,303,1662376620,1764806400,0x8efd97edf4169af5a6299416d1d60378d5479066,,1186
199,301,1662415241,1767830400,0x617eea439ff520fbdb8006d6c69e96422e958727,,1220
200,1600,1662454194,1735776000,0x2cafe9cba9da5a49e3ff28eb63958c2583cd552a,,849
201,523,1662505815,1788393600,0x7b5896437afd3314eb0666eff4af7026ffc04902,,1457
202,3240,1662545254,1788393600,0xc71ceab81a7f7866313c319959c66854f5bb8fe0,,1457
203,100,1662563233,1788393600,0x061de1acdf149297451902415217f1b3c60c44bf,,1456
204,308,1662592127,1788393600,0x4c52364b7ed771912781f3796729573950e61f61,,1456
206,3000,1662674313,1730937600,0x5372accb490a498f9a0ea9d1050932c32e306d8d,,790
207,2508,1662700090,1777507200,0xff15208bb7bdc9024431c3294c9d1f6e262304a9,,1329
208,150,1662712048,1762992000,0x964b2c3df9f29ded421ab05974306255f20a1f98,,1161
209,150,1662712153,1762992000,0x964b2c3df9f29ded421ab05974306255f20a1f98,,1161
210,4335,1662828928,1779926400,0x94bf811283077daea3a193eb66a4519c7bdd7d49,,1355
211,305,1662881019,1775088000,0x1c79deaa038b68e2570d30b65a5f457b66669009,,1299
212,312,1662927465,1764806400,0x57ace3706b143f4dc56d4808dedfdb0a01b545af,,1179
213,822,1662931128,1767830400,0x61cf0470da804fb52762aa76b25e2b62266b90b8,,1214
214,1220,1663024293,1765411200,0xb3dfdea360ae38779b8fd9645290a46f939caed0,,1185
215,1000,1663148772,1678924800,0xc15d36686a07449c178ffaa4d68712a20dc1968a,,183
216,6679,1663191319,1767830400,0x86c1441caecde1046bc3ae0799f80051db1edd4c,,1211
217,484,1663302815,1762387200,0x5078bd10db4b5005004ad6b5910f025b33f18fb2,,1147
218,550,1663449419,1764201600,0xfb825828749435a66eb7710c0d743cb32ae022dd,,1166
219,368,1663504799,1769644800,0x8c1f416ef5cf6090cb50cff16e48b8dc343e01c6,,1228
220,639,1663510175,1764806400,0x90774ab01bb5725d1ce10adf47a1b791a594279c,,1172
221,311,1663524539,1719446400,0x466722bd2df5097a83291ea8edec05f33c2b7866,,647
222,341,1663531919,1767830400,0x89df8866fdcca92c27be1e8d9e312121188ea268,,1207
223,311,1663614551,1767830400,0x63c2827a62e3715ce9c4fa8ddb3c3e89116f6202,,1206
224,620,1663746647,1768435200,0xbae304b1a1b5ed66b0c61291ae012e171dba067e,,1212
225,824,1663754339,1764806400,0x8a40435c3e62a8cb15570fa4e5587471f6b1b9f4,,1170
226,1377,1663763555,1760572800,0xc9efbfaf6083c49c1741ab0b6946c0b5ede8956c,,1120
227,639,1663862111,1765411200,0xb16885d54e8ca9730aa3cc81f3f6ab9eac8ac766,,1175
228,144,1663904999,1768435200,0x2ff99b5d39759632827d44b4155e983ae816a284,,1210
229,302,1663922711,1765411200,0x99e546bf2e202aa5453aa19aa2bfc1d43e8c8939,,1175
230,301,1664105567,1765411200,0xbabfaba353c05d882cfb2201f039fa759b45f727,,1173
231,301,1664171843,1765411200,0x235e146f1d8c70b9d5d76bce5744ea2aa95a0053,,1172
232,829,1664303039,1758758400,0x3040b76bdd4d73472036cf9845e9a87008123946,,1093
233,310,1664326067,1790208000,0x35c9a4ccec094838cbab8c2c143709bcb8de03be,,1457
234,320,1664406443,1782345600,0xc298585cb7bca511bfe5f33a1ab44b56a7c9893e,,1365
235,21693,1664407355,1764806400,0xf853571a5437af65dc4906580015f35eb55921c1,,1162
236,844,1664428703,1765411200,0xec0847f840d3c6429acc6da2612e9f05ad8e9882,,1169
237,1910,1664431559,1727308800,0x8f42513a5a5fb1fadb79c32ef1387f2ec0ca1e3a,,728
238,130,1664436635,1778716800,0xcd605bb38be6b08bb1cffa1eccbdd3ead78a554d,,1323
239,317,1664621051,1778112000,0x9144ff76da0e05fcf216d7b384a5e115b4ece682,,1314
240,301,1664672363,1776902400,0xc6876c285d61758ab04d91f375174c517f6b3e1c,,1299
241,305,1664672471,1764806400,0x4248a3026a014555d22a5e3c21814b1b9397d352,,1159
242,305,1664672603,1765411200,0x112404725049132fcad66630799666f48a8552ab,,1166
243,303,1664672723,1765411200,0x0c07ca2edc1366f06f9a09c0e22bf4344319744e,,1166
245,310,1664717987,1765411200,0xa7780ef36f99835a7973cd0606713f505fc7c386,,1165
246,250,1664721059,1790812800,0x58f51054dd23c19b9cc1e59461bedbf85757df0b,,1459
247,307,1664832035,1761177600,0xc0e99d042dc356f28ab6947688a563009189c3d6,,1115
248,3350,1664832143,1760572800,0x0645842997caf428ac9419ed52dda96f51deb77f,,1108
249,1232,1664923091,1768435200,0xc403400832e973011516de452bdf14b4f8266c6e,,1198
250,500,1664935175,1790812800,0x4eca693366258da0e32e13c8c2e25f4b68779e9f,,1457
251,309,1664974367,1765411200,0xecf00d580ec85d4bc5383ec2b904a1a3a7c5bb8e,,1162
252,344,1664979695,1764806400,0xbc4f67b7a61accf235a3639079c60fbc36a9284c,,1155
253,344,1664999543,1764806400,0xbc4f67b7a61accf235a3639079c60fbc36a9284c,,1155
254,400,1665109691,1765411200,0xab418f230341ca4317fe8cb799856d4cf6d22d58,,1161
255,1000,1665134627,1790812800,0xb8221d5fb33c317cfbd912b8ce4bd7c7740faf88,,1455
256,183,1665142991,1769644800,0x23ffb8fc1ef01b930361733f83b7abdbddd73dfe,,1210
257,150,1665163583,1759363200,0xe6c456e9d4ebf00d1b530260f0cad30c369bf0e7,,1090
258,624,1665315227,1765411200,0xfef869627e0020e8c13c8fc2c32c66ecb6cda4b0,,1159
259,1400,1665484211,1791417600,0x4a89800fcbca8f8f0f71d497716901a1cf84ebc7,,1458
260,102,1665501239,1791417600,0x089f6adc07a59014cca51972f8f95bc0a68bf78a,,1457
261,334,1665532295,1764806400,0xef111e79d96abe4634ff22947d0902f43cdbec6c,,1149
262,119,1665583163,1791417600,0x6fab9385136904c884f3d9b3ca604cd337d81860,,1456
263,125,1665592511,1791417600,0x06c6c102a99aef64a89882f5f407f3c2de5ae9cc,,1456
264,301,1665785735,1764806400,0xb695010aa556bcd55ad096234a0a0816c6efee44,,1146
265,1142,1665913427,1767830400,0xc1c2d0860a213c630c7e285eb5b8b1ebdfa205b1,,1180
266,112,1665950531,1792022400,0x44933fcd38823510b05671e97b4a5c873ef03827,,1459
267,2335,1665959483,1792022400,0xde9fa8b792babb6d6d22af3cf2525ff88ac0661e,,1459
268,336,1665976475,1764806400,0x1d0cfc9b27fc08e70782c9b21c8dab87870c1100,,1144
269,110,1665976895,1792022400,0x5e2aca5b732a350080be3499e6660b6e227847bd,,1459
270,110,1665977651,1792022400,0xb62acd318c60b61e2add10fc4fff3aa64ccd98bf,,1459
272,476,1665978995,1761782400,0x2561a222dd48539a18b9e4dd31fb11e897fa1d86,,1109
273,400,1666121531,1792022400,0x46adf4507a9ee9333418774628fc70347a6d119e,,1457
274,174,1666317479,1792022400,0x6a339335aa10d65034aa51685ddfa3fd8ae1779e,,1455
275,2500,1666344791,1792022400,0x17f850f8b556b8a8f35d9dba96a467f1f664aa5e,,1455
276,525,1666642463,1697673600,0x44933fcd38823510b05671e97b4a5c873ef03827,,359
277,200,1666645679,1792627200,0x4bab110bd78822b7c87cee470ee520e57df13938,,1458
278,416,1666645979,1792627200,0x4bab110bd78822b7c87cee470ee520e57df13938,,1458
279,525,1666660871,1697673600,0x93beaa19d84c35d4e8f1b26bc1463653559c416c,,359
280,530,1666702463,1697673600,0x06c6c102a99aef64a89882f5f407f3c2de5ae9cc,,358
281,1083,1666738607,1729123200,0x57986e0f27ad2997f06f960c86f962b9e5dd4d00,,722
283,538,1666756067,1698278400,0xc661384239e4099df0e3fde9f2cc02b10c5c5387,,365
284,600,1666920767,1698278400,0xcccc1ae0aa9846f44a5978942b266260c3b5b9cd,,363
286,306,1667005223,1764806400,0xe3615c57339377ca83b2a12a8ce30275c655fa28,,1132
287,318,1667127227,1768435200,0x21ea1d0b740f0d2dc02fa93f828359fd196f800e,,1173
288,200,1667187179,1793232000,0x0fb11728d48ce180538490b3a09fa7c11cf4a344,,1459
289,100,1667262839,1793232000,0x6ffd7ede62328b3af38fcd61461bbfc52f5651fe,,1458
290,5097,1667298383,1767830400,0x3e55aa73120bc8035a61dba7f9b55ba99056bd9b,,1164
291,944,1667468915,1765411200,0xf7c58dfeb06691c6b37b64ddb9ca50a587caeb06,,1134
292,312,1667677787,1764806400,0x9210d63aa390865da213ff22db8dadfa042fb013,,1124
293,562,1667704307,1765411200,0x4b454e793480fe19b2db4365bdfa9da5c809baa4,,1131
294,301,1667706347,1765411200,0x568a87af131a1e303f6fe9380a41695aa0d9c773,,1131
295,301,1667706623,1765411200,0xb3474a6533d87e3452cb7b364f38beec800639ba,,1131
296,642,1667808791,1765411200,0xac2d35cc47fa5833c838a5778ef520b3ca9d58c7,,1130
297,330,1667902907,1764806400,0x000000e5ae8f840c51fdbd43cbfc5e5654fdc1be,,1122
298,303,1668172439,1765411200,0x3a5d0b32ad798c53f6ab38bbc597caf41c3ca23f,,1125
299,19240,1668203003,1670457600,0x842485ac1cf5d37d3cfd013745618561b2da4b46,,26
300,2922,1668355583,1769040000,0x94a80bb792075deb898673e6c1ef9e3cad8ce33b,,1165
301,6668,1668357815,1768435200,0x2dc743f7d67101e46f0532f2fe60a34d9ad62c2e,,1158
304,593,1668587987,1769644800,0x37c9e073b8e3202df6e0ec46251886f1b71480fa,,1170
305,10003,1668593123,1794441600,0xc9485cd3bed4d3f841adc35889591fd4e94c987a,,1457
306,444,1668764207,1760572800,0x5e89492ced829cdd2faaa26d382993000d1c265d,,1063
308,330,1668948527,1765411200,0xce98a95f347e23bdb9f686512c8cf2d765e38195,,1116
309,328,1668949847,1765411200,0xcd867ea977deb43a2090630c3ff10fa65700193a,,1116
310,73762,1669031039,1684972800,0x23976fb0311d85b2d559e3ed2d0810ebd231cb78,0x7202136d70026DA33628dD3f3eFccb43F62a2469,185
311,2000,1669126319,1795046400,0x0b5665d637f45d6fff6c4afd4ea4191904ef38bb,,1457
312,108,1669145963,1795046400,0x3e2e2272ecb90146bf45fe36c939162c4c26543c,,1457
313,100000,1669491023,1669852800,0x23976fb0311d85b2d559e3ed2d0810ebd231cb78,0x7202136d70026DA33628dD3f3eFccb43F62a2469,4
314,102,1669499147,1795046400,0x75c2d027c656e78d7822a008181bfbd3e3b180a9,,1453
315,100000,1669555739,1669852800,0x23976fb0311d85b2d559e3ed2d0810ebd231cb78,0x7202136d70026DA33628dD3f3eFccb43F62a2469,3
316,100000,1669555775,1669852800,0x23976fb0311d85b2d559e3ed2d0810ebd231cb78,0x7202136d70026DA33628dD3f3eFccb43F62a2469,3
317,100000,1669555859,1669852800,0x23976fb0311d85b2d559e3ed2d0810ebd231cb78,0x7202136d70026DA33628dD3f3eFccb43F62a2469,3
319,309,1669565003,1795651200,0xd8361bbe5f11272a387bdb9262713bc1a9429ea1,,1459
320,1500,1669631099,1732752000,0x06b7ad3cfc19ef98b8894ceae985a6d1adf6f424,,731
321,336,1669694339,1762387200,0x9bb70bf2938a667ca6f039db35b925e3d3eb9885,,1073
322,324,1669785659,1764806400,0x78529a5325a7cbfe0208a6fe99a829ea28b09946,,1100
323,105,1669835579,1795651200,0x701472c062d3437f74b282711ca96da9f59cb063,,1456
325,115,1669944467,1795651200,0x539b35a60ce3e16a44c4fd85b54928fe756075cc,,1455
326,110,1669973915,1795651200,0x0dd44846a3cc5b4d82dcd29d78d7291112608f0c,,1455
331,2554,1670096015,1701907200,0xcc0c40f6dc3fbef6328da9b07f58a2211806d1a5,,368
332,315,1670151263,1761177600,0x21699f05cd7faf2165512703af577afadda0458f,,1054
334,333,1670243615,1761177600,0x58c959a4510e92097ee1697490167810c93eb581,,1052
335,307,1670751527,1764806400,0xf661ee1a3dc61ff13ad52583833ea0d95fa00f96,,1089
336,105,1670753879,1796860800,0xa31be566bce0159b67f73310876c62f76d507a1e,,1460
337,310,1670767079,1765411200,0xde6910f4569646073eeea6e021b835824ba77874,,1095
338,105,1670866967,1796860800,0xe4667f558b23c22012a13e661f33481ef531e4a2,,1458
340,103,1671130283,1796860800,0x7caf1190f45c68a3b5181c5d1d8c7f1d635bcf49,,1455
341,302,1671193727,1764806400,0x9bce58cf9292b3c2edf0ff5b056b8f4d570cecf7,,1083
342,102,1671313415,1796860800,0x13b48d6b16f10883fe9246edc61d3be1b9cbbc78,,1453
343,2000,1671376979,1797465600,0x5372accb490a498f9a0ea9d1050932c32e306d8d,,1459
344,500,1671377267,1793232000,0x5372accb490a498f9a0ea9d1050932c32e306d8d,,1410
345,500,1671377615,1797465600,0x5372accb490a498f9a0ea9d1050932c32e306d8d,,1459
346,101,1671394811,1797465600,0x4dca6e7fae1eb0ea6110b542657b82e7fe7566e2,,1459
347,101,1671395399,1797465600,0x2bd2c9611ccab6a9be98063bf8a2766d94640728,,1459
348,102,1671396287,1797465600,0x14975cb536f511e3119d5622c2c2a1054045e29b,,1459
349,102,1671397487,1797465600,0x2c450b71fb3152b7247a857acb8a37880982c79e,,1459
350,110,1671471287,1797465600,0x63c1d4ce3f0ea0a37eda12376205e25d2298af3a,,1458
351,674,1671570215,1764201600,0xf7b5d015d2ac3c8ec395fd3ee79eb3e8dc4108f6,,1072
352,103,1671839795,1797465600,0xdbd4689ffe62cede129ad3fa4eb902628a76df8b,,1454
353,101,1671878399,1797465600,0x103b9947f46e033a3944e8f4cd7f9094c7e32bec,,1454
354,103,1672081943,1798070400,0x3b93d21d687461e58a87ec10bc8f2a2773f4e5e7,,1458
355,50000,1672170587,1676505600,0x1b39db8c6a1f8b4182a292e5126a6fc785dce070,,50
356,7070,1672170587,1772064000,0x977223ef93b8490e8e6d2dc28567360f489a3ee1,,1156
357,6013,1672170587,1761177600,0x9531647f5ffaf86ccc95307a2841d44864f50d2f,,1030
358,5049,1672170587,1767830400,0x39774983fc43a2eec4e75886369da9021d33e103,,1107
359,3005,1672170587,1767830400,0x53143a1404277d27ef7007751739ce950896a3c2,,1107
360,2312,1672170587,1765411200,0xd7a7e8477abbe7d0453083b79a1cffeb67d8a5ed,,1079
361,1090,1672170587,1770249600,0x098a0cc0add390cc0cea20364eca30d7d3aaa92e,,1135
362,1115,1672170587,1765411200,0xb8a953757b06d96396fb631e84115f8cd9d92113,,1079
363,1079,1672170587,1765411200,0xbd60d1a6be7bc900bd748d5eeab7466770a685be,,1079
364,1055,1672170587,1767830400,0xafb1f1d6a887dec13c2c3feea7d7c24ff8a06a3c,,1107
365,310,1672173251,1765411200,0x9d276d8f19dfe76e9025e624a9210678ce6f3f2d,,1079
366,1000,1672173251,1767830400,0xff59683661a5934748d92e71209c93f6a1f12b0c,,1107
367,531,1672173251,1767830400,0x696c7dfeb7ac0cc3e573cc4363c0d982833155a3,,1107
368,347,1672173251,1761177600,0x44eaa7c5f2939bfe3c16d595d0fcb498cd5b236e,,1030
370,325,1672173251,1763596800,0x14b026e654e0ff578434faeea9ad58b2a31bc542,,1058
371,1027,1672173251,1767830400,0xb745aa0d86ab8ccabd0721258c2b674e5c7b9152,,1107
372,301,1672173251,1767830400,0x1365b0f3f2e812fcabd5972ded7621fa7dc502d7,,1107
373,413,1672173251,1767830400,0x4f81dcd57874bea635ddd33ebda1e6cbbd177028,,1107
374,530,1672173251,1767830400,0xab8cc4da67b8b23456482891874a9128b850f6e5,,1107
375,634,1672173251,1767830400,0xabb61b62ef940ce72ae8fea044d48883a0523076,,1107
376,309,1672173251,1767830400,0xa9ddc986e7c4b2dfb5c10fe94ab99e7c33fdff54,,1107
377,305,1672173251,1767830400,0x16ed9183cdf7e75ee53a650c3ce09fc10cae155b,,1107
378,305,1672173251,1767830400,0x8f1bcd4c2d00a88f78a82ad942e823a8bec0fcc5,,1107
379,550,1672173251,1767830400,0x07a280e8a764b0cb493c7c5652db248c828d2487,,1107
380,516,1672173251,1767830400,0xc380b79db82cf37fd43d1ebd9ca1b30c9fc749f2,,1107
381,341,1672173251,1765411200,0x8bea73aac4f7ef9daded46359a544f0bb2d1364f,,1079
382,615,1672173251,1797465600,0x95263bac044453e7d63347a399f8cdea99f0d531,,1450
383,480,1672173251,1767830400,0x1da216a65647056387f0ce215979f1a19668db43,,1107
384,669,1672173251,1768435200,0xf96c30ffb5280b2030df2acabd990e7d6f1cf7c7,,1114
385,509,1672173251,1768435200,0xa4aba4b4bbea97a3d14da4f4f53b097a513e46ce,,1114
386,267,1672173251,1768435200,0x74566d9dc4eec5cd8cc6aab21a3195fdf15db97d,,1114
387,549,1672173251,1764806400,0xac3a38771884b89650c9e59952a72fa7895ad9fb,,1072
388,464,1672173251,1769040000,0xe0f0c1f4c1549cfe125d26af190006d67087b53a,,1121
389,593,1672173251,1764201600,0x0b368f220a06e20c33339cd59e4f16b95666a37f,,1065
390,500,1672173251,1769644800,0xa292c5f77f50f606d35d165e541b45b79773a6c3,,1128
391,312,1672173251,1769644800,0x7ba755a9535e7e2a870f8a05c430018abfbc0974,,1128
392,312,1672173251,1769644800,0xcee53ece8be2857743a96ae1922cf84ca5168d44,,1128
393,300,1672173251,1777507200,0xf669ea009be1c43c47f44a62ba7454bd7f544190,,1219
394,369,1672173251,1764201600,0x4870aad38e762f0a95cbb34d95a2983551f3ebe5,,1065
395,500,1672173251,1769644800,0xb234fc52ab006f283538c04d190837d2dcd31b6f,,1128
396,312,1672173251,1776902400,0xe52029a8ae59433a67cda5c005900089666b6ddd,,1212
397,310,1672173251,1740614400,0x069a7f4ad699fe56b6524996414e8def025485bd,,792
398,352,1672173251,1765411200,0x14538b987e37e2cd0714b358c24e8661c67c9e81,,1079
399,360,1672173251,1770249600,0x3b917f458739d38fa9620054eb5270cd51cb134b,,1135
400,600,1672173251,1761782400,0x0f07c0197c2431054906ff50d04a6390a67d1baa,,1037
401,301,1672173251,1767225600,0x96492d1b0e698f0dd843adbadc029118e99631b1,,1100
402,428,1672173251,1760572800,0xfcb757fd178fa036d839dbb5caa69005c4da9df7,,1023
403,317,1672173251,1765411200,0x3c64ac34a6187f70658f4e444fca143a460e523e,,1079
404,831,1672173251,1766016000,0xda13f11a3d5e6a844a434a1acaa15af954f398c9,,1086
405,511,1672173251,1765411200,0x725dad5adb139e3b5f2bc24c7a83a4d88f146ee0,,1079
406,312,1672173251,1761177600,0xf810f51674cf875a3e03a7b95c27b8df3312d131,,1030
407,412,1672173251,1765411200,0x8254925c4da21bcae450ed64cc97c42bcb24cb13,,1079
408,326,1672173251,1761177600,0x6aa33d1f92f2b64db7be6d8190390091dc69c8ff,,1030
409,320,1672173251,1765411200,0xcafd650401708ca4f65a22340d07f78e18f8c332,,1079
410,358,1672173251,1773273600,0x533065da755a32d79edee8628e05caab46543a7b,,1170
411,321,1672173251,1765411200,0x75359fcd3b430284e5d5e24bdc23526c6dede9a7,,1079
412,317,1672173251,1765411200,0x8e9e4465cbe3de268a1e3e0c228d20923dba3761,,1079
413,336,1672173251,1775692800,0x27009520fd9974f2815a611d5943e4d4b0495bef,,1198
414,339,1672173251,1760572800,0xfa5179eb4fcdd12f47412f3f8ae38259be3bd5eb,,1023
415,371,1672173431,1755129600,0x0c21bd323f4efc78a292904608b719df1ec4ea60,,960
416,320,1672173431,1765411200,0xf0d7c528a50545821bcd7c3aca978e2cff2c89ff,,1079
417,315,1672173431,1765411200,0x4fcde2a630171f299f487ec52c509a273db03ea3,,1079
418,307,1672173431,1742428800,0x41dee44551d49f419de996e1bc10f18f5a9be7e4,,813
419,315,1672173431,1765411200,0x70cef808e390c031ab75cdd4d8a289215388bafd,,1079
420,319,1672173431,1764806400,0xfe57b767bd580c29cfdafc66e6e175a45e0096a0,,1072
421,315,1672173431,1764806400,0xbf1a0eb4518d1f75b7e15ee9eb83a078e341a091,,1072
422,425,1672173431,1765411200,0xf12f98a0aa832987c9298e0e5d7152118e29df41,,1079
423,307,1672173431,1765411200,0x97e5bc28402527276a9b1ceef2ee7feefcf7fef1,,1079
425,411,1672173431,1765411200,0x794f4b5c738187224d0bc230f6a760023467789b,,1079
426,310,1672173431,1761177600,0xd84cacf927db765ddddca706351c60c20f2a22b5,,1030
427,315,1672173431,1765411200,0x11b88567af82af5bba947b37ea3d353447e94b85,,1079
428,305,1672173431,1765411200,0x2748c10f7c6614679711fd35fbeb8e05a2e03419,,1079
429,516,1672173431,1764806400,0x0910aed2f4a4b3e7f399f3d5cf6edaca132b83d0,,1072
430,613,1672173431,1765411200,0x21606ee18fc1c9b398c25f56e98e6035ab434299,,1079
431,315,1672173431,1765411200,0x1b0c9bb8f4502d6d8821e68eab3dcc2ee90b5a36,,1079
432,313,1672173431,1765411200,0xc4bfc5b8266ade7507352ed04a65e027d3596ff8,,1079
433,304,1672173431,1764806400,0xbe375b16a55e3323e22de841235b84efd557f09d,,1072
434,510,1672173431,1798070400,0x9378c1c061235833e9e86a73d421ac4bfaba45ce,,1457
435,320,1672173431,1764201600,0x47414b09e1fc4ab0aef5f94505f907d42937ae77,,1065
436,436,1672173431,1764806400,0x75d228291f2670546549563569d25ab1840fa897,,1072
437,571,1672173431,1765411200,0xea93efa4a0f368b4e152fb7d7ebb2c1a14ac4465,,1079
438,337,1672173431,1765411200,0x1edad11a8d1a0417e90ab30c32b24605b2f2720a,,1079
439,330,1672173431,1765411200,0x835021730e4dc6374b58d23ab850d3bf5840ac7b,,1079
440,320,1672173431,1765411200,0xef53efc3f5753bd18f99cc9b39cae971b25be218,,1079
441,330,1672173431,1764806400,0x7ad8ffc6d9754cfb83c2bbb483380ff35cf7f247,,1072
442,300,1672173431,1758758400,0x4ee470e115b1eb569920725093c41430eb528e95,,1002
443,302,1672173431,1765411200,0x1af39fb2578c1fe55439840f586f7bed40e8126c,,1079
444,308,1672173431,1764201600,0xe66b57614fa88fb9b9b0d40a99f896b518bf6fbb,,1065
445,315,1672173431,1765411200,0x3de6539cf5c0c72e381df8eb37b0718faf8f3036,,1079
446,325,1672173431,1764806400,0xeb9dc47e1822302803cc7a583a6fb4a162f31ac1,,1072
447,310,1672173431,1765411200,0xdbecf3231e9c42a63e0146250426e26c6afd61ae,,1079
448,315,1672173431,1765411200,0xac25424dd34afcf4d1473cdaaca019e573f9297c,,1079
449,321,1672173431,1765411200,0x75b23e8da1eccaa43bc7a4e23831bd46e559d22b,,1079
450,303,1672173431,1765411200,0xbcb8295d192b1ee9b61b0c89cff33f8d840966d4,,1079
451,561,1672173431,1767225600,0xd201ecbe85a32944464964a1e1c02f923e7c4dfe,,1100
452,411,1672173431,1765411200,0x30a30e458310bede783e53d8c5bbcc3c50d47617,,1079
453,310,1672173431,1764806400,0x7f5eb24c704ddb8d97f0bd6831608de2a6e97985,,1072
454,301,1672173431,1761177600,0xdb2d78376960becbbb5010ab7502d2ee948b1a49,,1030
455,303,1672173431,1765411200,0x3998fc81353f4b7ab8517254f1b91c244552f3a5,,1079
456,315,1672173431,1765411200,0x189c7f09d72a1d8233478751ddd3e7d7f4bb3055,,1079
457,303,1672173431,1765411200,0xfc2b0ea4f1910833db4fdc7ecab54c8b93fb956f,,1079
458,604,1672173431,1701907200,0xa2e2faf691ac3f117d7ea018a7f63065f2a92206,,344
459,310,1672173431,1765411200,0x7bcc9240a36fa860822badb3de68f5e35dd7cb2f,,1079
460,301,1672173431,1765411200,0x84400c5e12bcbf953fb01f61695733ccc5f260bc,,1079
461,305,1672173431,1764806400,0xbd63144c19379a62699f9544836cfdf05a3c31ed,,1072
462,409,1672173431,1764201600,0xaceb82d900f3d8b3909dc5198e6974c23da732b4,,1065
463,350,1672173431,1761177600,0x323a24e105b292f01d89b616fef24d1a9df9f513,,1030
464,301,1672173431,1761177600,0x839e270ba1e097004788857df95b9c3cae80e092,,1030
465,310,1672174367,1765411200,0xedf64c14f8347301dfaa8a409cf79fcbf5810ba5,,1079
466,511,1672174367,1798070400,0x8ace04a9ab843cbe14925e1eb80627ec548b1761,,1457
467,300,1672174367,1765411200,0xe29432a36b4cfb52c05538a00352d4964f65520b,,1079
468,320,1672174367,1761177600,0x5fe2558ddfd8ef3335edf4815b29ccd54c6aa5d5,,1030
469,555,1672174367,1765411200,0xdeae1be6361cf08b6eedec70a25f165fc990f2ca,,1079
470,315,1672174367,1765411200,0xf8e93ee17cd730ede1b1bdf8bd99af313294fc19,,1079
471,890,1672174367,1765411200,0xf05e6883f52ff6bf82f9d3120ea163e65da32bef,,1079
472,311,1672174367,1765411200,0xa17a1dea325445028c459cb671b74d07c40ee6d2,,1079
473,330,1672174367,1765411200,0xad6f05857ebb5a330773ac6741be3c06b1af2cf0,,1079
474,799,1672174367,1764806400,0x767631abdc12c6ba6262d87e8d107dea9ae0af6f,,1072
475,310,1672174367,1765411200,0x39d8dba2a0be1839db67e1203e31a626d72281b9,,1079
476,566,1672174367,1765411200,0xd61f2ecdb421625265dbcc2c90d4dfd07f9931f0,,1079
477,303,1672174367,1765411200,0xa2eda609de349128cf74b8cc96a113cf7319521e,,1079
478,310,1672174367,1761177600,0xb0fb2ce51a7cfe2aa9a3ba0214e22405d764166a,,1030
479,301,1672174367,1764806400,0xf3b1c99ff41836dbd20eaa1a5d502213a49ec997,,1072
480,301,1672174367,1765411200,0x813895135ca56b2aaea87beb196177c1ac8a2155,,1079
481,301,1672174367,1765411200,0x09df8e09c6cb68c7832e215e9769f3140da85673,,1079
482,301,1672174367,1765411200,0x172bbff18713cf812512e438bfc83cdaefa38415,,1079
483,310,1672174367,1765411200,0x6fd1efc2681b1fd5bf194762f564a73af2828292,,1079
484,302,1672174367,1764806400,0x3cf8d5f814088a91e34a8aaf674ec84f63027348,,1072
485,335,1672174367,1764806400,0x6293d2ee946940200882de0c6359662bc28097ad,,1072
486,320,1672174367,1764201600,0x39d49511f4b3f2ec4859fa0b36ed816147c1aedd,,1065
487,534,1672174367,1796860800,0xbaba55af21e34f5209a83086c5c0156532a8d168,,1443
488,315,1672174367,1761177600,0x53cfbfe27706bb10f765e7ef64912533e215d724,,1030
489,301,1672174367,1761177600,0xa014f0452a103e0b5b9b33e35af6ccee83b4aae3,,1030
490,301,1672174367,1765411200,0x439102bcb3045cb1e53b80434bb1c325f52d7969,,1079
491,315,1672174367,1765411200,0xe680413d0d88d5c50c2345c49ee5b3dd06d52d22,,1079
492,435,1672174367,1765411200,0xa70624315649b95f160e6399c01567e862c9aa16,,1079
493,315,1672174367,1765411200,0xb8dde2386a5e6c7f011815ccb83235dee2d64c47,,1079
494,302,1672174367,1761177600,0x260470a4be6970ec94c094b2d7796cfed5ddf3ea,,1030
495,315,1672174367,1760572800,0xf13872188b1823cab9cef25845fb9195532696cc,,1023
496,321,1672174367,1761177600,0xc78d55fef09278943227d0131ae919a2620e67d1,,1030
497,301,1672174367,1764806400,0x4224c955bdc6b87d60f2ef4718c6c5022edb09e0,,1072
498,480,1672174367,1765411200,0x857db2aa6295cce3bb4ba4f11f81c0fd58a37b6e,,1079
499,303,1672174367,1761177600,0xbdbf020c5946e0b88b3eba1ca33cc86627a25145,,1030
500,310,1672174367,1765411200,0x24172b00d662326c2588b73d333237a321e4b87d,,1079
501,301,1672174367,1765411200,0x2cafe9cba9da5a49e3ff28eb63958c2583cd552a,,1079
502,310,1672174367,1765411200,0x51795b3acb74395ee4788a03492221c2328e4861,,1079
503,313,1672174367,1765411200,0x006efb61a1fdc1972130ee465012bc0f7fb36787,,1079
504,330,1672174367,1765411200,0x403cabb8217d965ca9376df603aeabe0866e60f6,,1079
505,307,1672174367,1764806400,0xb15abb115e40b404513fbfd57e590081e6131621,,1072
506,301,1672174367,1765411200,0xa7956b8eeb7a3838146f88bb32c7171cf4143345,,1079
507,301,1672174367,1765411200,0x872f1ffdeee35a6074658b4fb185e2582db7896a,,1079
508,310,1672174367,1765411200,0x9fb3e1fdf2523ef04f25d1c69da2d12a9995e645,,1079
509,300,1672174367,1761177600,0xe6cdc77684634d400dcaa66165c51d9970262a3e,,1030
510,302,1672174367,1764806400,0xf488288a5dc55a2aa95318a47f848f573e719250,,1072
511,1954,1672174367,1765411200,0x813f739b02102990b03749ffbd00499366672f0f,,1079
512,305,1672174367,1765411200,0x091232706a5017d8a72ce69741184687556de740,,1079
513,305,1672174367,1765411200,0xc0d3a8d939d8653f0fd8fe7a0646dd3884293466,,1079
514,308,1672174367,1760572800,0x63e295e3fd59b6d9d2713d26fa91416eb0bfed1e,,1023
515,1001,1672174655,1764806400,0xce83b6564fb0f528172e0823331375f4b4ca9dad,,1072
516,455,1672174655,1765411200,0xce75cc74e98fd26c46d7006a9a535c18d8d0f9aa,,1079
517,350,1672174655,1765411200,0x91b456e682ba958d43b563a8146812fbc1cede20,,1079
518,305,1672174655,1764806400,0xfc7f98fcea58e5faff55318408db973568835585,,1072
519,405,1672174655,1760572800,0xf9a0b25695751476706ae7dca58c2ca3e2614cd3,,1023
520,310,1672174655,1765411200,0x9656c46300825ea522491cd2996c87ddcb826260,,1079
521,601,1672174655,1765411200,0x5f3fc0d59093dca9a55a5561b0db0dfe84dbde38,,1079
522,311,1672174655,1764806400,0x65b6fe7b2851c1a8848de6e93ce6c4d775521f84,,1072
523,315,1672174655,1765411200,0x02bbf01e772354228d0f66a720f48058e5f3d4c7,,1079
524,302,1672174655,1761177600,0x2f41c37e82fbb6b49ca4a9d2451a2969bf1231d1,,1030
525,315,1672174655,1765411200,0xfcf756abc8e8294f7e69214799d1d20e031a3254,,1079
526,303,1672174655,1761177600,0x82a4cec7be980a7ae57513c79dcfeed186260e99,,1030
527,310,1672174655,1761177600,0x0bec57f310940beed62897c6d7de79a6ca511a50,,1030
528,301,1672174655,1765411200,0x0d9ec0ad66d54c4245fc8c3dc5f5263904054589,,1079
529,325,1672174655,1765411200,0x3fb955502ae19eb97a3ceddc1699d9067adda20f,,1079
530,302,1672174655,1762387200,0xa75decf7d15d9226140df436405b8d1dc35cc2cc,,1044
531,307,1672174655,1764806400,0x8d51d1ba95530988c53c08507bab751406e52b02,,1072
532,325,1672174655,1764806400,0x7675c0bfba0907e615121a6b39d0e3c870b73a0b,,1072
533,327,1672174655,1765411200,0xe9d289dce390906ed2e982278f9653f7b03c3df7,,1079
534,330,1672174655,1765411200,0xe907e019d67e4002b191d5906b790f5f1ef98297,,1079
535,310,1672174655,1765411200,0xda690dab2aff13983cb0adef3dd24bd49f761a0b,,1079
536,400,1672174655,1765411200,0x8873b2f5630c38bfed1c63768a6aac9b4a1810d1,,1079
537,805,1672174655,1764806400,0x3d82bd8155005dd721dfdc311534cfde980cd11c,,1072
538,313,1672174655,1765411200,0xbf982f06f9282dce1621f49c8d282eb257e24198,,1079
539,544,1672174655,1765411200,0x45f794104dd545b9c196fdc4623a6c1db4040abc,,1079
540,319,1672174655,1761177600,0x7bd9e55b4d927f474fa76a52a55bebad827d3fde,,1030
541,303,1672174655,1765411200,0x82f5759a5c9d48e96864f988b2187150a9e89f56,,1079
542,410,1672174655,1765411200,0xf314ba7071efdf6e3e34808c520135c6c292ae2c,,1079
543,320,1672174655,1764201600,0x9144dcfd6336a185237d2acf8a109c6af5c2036f,,1065
545,310,1672174655,1796256000,0xbbe4bf2d53a4a752c0ef21573fa0162bddafcd12,,1436
546,513,1672174655,1764806400,0x45d2c6e88dda2ae0053f69335189d790580c5744,,1072
547,305,1672174655,1765411200,0x681a5c1b072ec5894b63305920419e35d899beca,,1079
548,520,1672174655,1764806400,0x543a27a01490ab7913f491d7700014c0b3a3ecd9,,1072
549,301,1672174655,1766016000,0xdbd9a478f024193a26066fea2ee1878d8aff30f4,,1086
550,431,1672174655,1762992000,0x8fc87c199203332c1cc43430b9fad2b1868e44d0,,1051
551,315,1672174655,1765411200,0x0eb6fe4881bd57291f993220f0ec28486df588a4,,1079
552,330,1672174655,1765411200,0x2809b5a5d66202622651580d05b7423b43dfc1e7,,1079
553,350,1672174655,1760572800,0x5d92d031024e368b5543c6da50f0cf392704511b,,1023
554,301,1672174655,1765411200,0xb75d94b05156938df46ab456e33ce4c9cdf93d73,,1079
555,306,1672174655,1765411200,0x7b803ed00796ac589e3b5890d8dcc78578e62cd7,,1079
556,301,1672174655,1765411200,0xe320beb7f381b33bd6eb88ef1cda0f3fa4fdd68b,,1079
557,562,1672174655,1764806400,0x97cd05ee9f47c6aba029c5ed4fbce8ce817586e3,,1072
558,420,1672174655,1765411200,0x4d167fde5b6677ea1f539b4fdab0d3a65b6c181e,,1079
559,303,1672174655,1765411200,0x5132649fde3e0bc9a207dce9ac44743247efe3d1,,1079
560,502,1672174655,1765411200,0xd392d581e85c77f8720b53d68be3bed9ab5d7b8f,,1079
561,311,1672174655,1761177600,0xf2da64cf36e390957a912ae04342ebf70857ebac,,1030
562,310,1672174655,1765411200,0x87bad1868a2ffef891eda7f6dcbf061ec9f072f6,,1079
563,301,1672174655,1765411200,0xb0c3f2c3fa2cbbaf2f7d296bd41d8031672fdaf4,,1079
564,330,1672174655,1765411200,0x85ab4a97283663e191e6cfc7dfcff4016e0c5c2b,,1079
565,304,1672174739,1765411200,0xe658cd453b6d54ba43f2a5b49284e2b82adbf560,,1079
566,310,1672174739,1765411200,0x032fad39a3134834585e13d98cdac4ac22fe814e,,1079
567,315,1672174739,1765411200,0xf3794a61651cdc90b9d80590ba5d413c50e664bb,,1079
568,330,1672174739,1761177600,0x24baf3a6918d6fef1a4ab229d1d9b79bcb20fdb6,,1030
569,315,1672174739,1765411200,0x2868dee7b17e478348eaae54ad0a65aab476c8aa,,1079
570,669,1672174739,1761782400,0xeec8316b72e04fb22beb6c8a464fe8d730835c81,,1037
571,330,1672174739,1765411200,0xf661ee1a3dc61ff13ad52583833ea0d95fa00f96,,1079
572,301,1672174739,1761177600,0x9347177014d3fea775b5b29ffc96bf6b911686f9,,1030
573,300,1672174739,1781136000,0x341a8307dcdfbe53084a8e407839c4b8b5e24dd4,,1261
574,115,1672174739,1783555200,0x0619b194ffd03a6ebb633ebd1b77b5102ffbc3c9,,1289
575,480,1672174739,1784764800,0xbf6e8f71c48f65fd28cc2baff067fd289739c0ef,,1303
576,297,1672222067,1798070400,0x138afb45fd6631d963cf1106a300eb175449e34c,,1457
577,104,1672227947,1798070400,0xe87f7d66607bab70fc30812177eddd85725a2925,,1457
578,123,1672228799,1798070400,0x90366c6f59b2db217e638dfd4cb04d8142e2fc3a,,1457
579,103,1672250663,1798070400,0x7e1bcf2a18d210c317957b4b4dfb92834066340d,,1456
584,102,1672500683,1798070400,0x3ea70316d050b4d20c050cc73299222e2e7f2af2,,1453
587,100,1672987007,1798675200,0x0dd44846a3cc5b4d82dcd29d78d7291112608f0c,,1455
591,198,1674101567,1799884800,0x5a39d5f00c0a0f25cf866ae1524b429d0ee0769d,,1456
592,1039,1674125795,1799884800,0x5372accb490a498f9a0ea9d1050932c32e306d8d,,1456
593,1500,1674322943,1799884800,0x5372accb490a498f9a0ea9d1050932c32e306d8d,,1453
594,25000,1674496595,1800489600,0xdfa8a5ab3f157373eeb4e8c2762e26f5b6a04395,,1458
596,25000,1674536675,1800489600,0x1b39db8c6a1f8b4182a292e5126a6fc785dce070,,1458
597,105,1674624191,1800489600,0x6b9a5a31af69c6c704a9b705e4eff0d7a0a2e20e,,1457
598,105,1674635627,1800489600,0x70e4b21f061a41f8dfbb9786b70ff0aa0834c2be,,1457
599,1200,1674829703,1800489600,0x2cafe9cba9da5a49e3ff28eb63958c2583cd552a,,1454
600,1960,1674831155,1800489600,0xfe9e9f6896c7a8f4e63dce153aa64ee01eeaba7c,,1454
601,152,1674842147,1800489600,0x77cd66d59ac48a0e7ce54ff16d9235a5ffff335e,,1454
602,122,1674933371,1800489600,0xcf015336fab19facb207a21bdf0828766db1e113,,1453
603,103,1674988343,1801094400,0xb6dcddfb71a65d697248c37c8828fb010a8b5afa,,1460
604,104,1675027019,1801094400,0x33d1c806c1ce8258553581f30687a15ffc6d145d,,1459
605,148,1675250819,1801094400,0x2e739d0a09072e2ea3fb071e6ce6b086021590bd,,1457
606,205,1675255379,1801094400,0x6eed6137fb4c54013b96c2956b3ce2dcf582fa64,,1456
607,114,1675409039,1801094400,0xc800b3efe34f5a095abb46f7f6c2ef2169926048,,1455
608,131,1675450547,1801094400,0xc082f9b3741aaf5ac13f2e1e349e9d0ad022e335,,1454
609,125,1675487219,1801094400,0xac4a1c8c3633d1ac61b976236d33d781775cad17,,1454
610,110,1675670543,1801699200,0x7ed71581fcde4e8f11952b73ccebebca15eab6dd,,1459
611,1558,1675771703,1735171200,0xa94efd84d0e30c327119460d6f028d2ea91b654d,,687
612,10451,1675789523,1801699200,0xf4383782e47a87560b19ce13c4aae796a19c7623,,1457
613,1300,1675943255,1801699200,0xdfa8a5ab3f157373eeb4e8c2762e26f5b6a04395,,1456
614,100,1676214443,1802304000,0x6b9a5a31af69c6c704a9b705e4eff0d7a0a2e20e,,1459
616,150,1676214635,1802304000,0x831d9794ba02a2fa81caef8202dff99030cf0415,,1459
617,103,1676271215,1802304000,0x2e86e031edce8e79750deb6c7afb61956b1ebeb5,,1459
618,121,1676327747,1802304000,0x2439b286197100dce010952548076eedd22a37e8,,1458
619,1000,1676369351,1802304000,0x8d5ba2b764356ddc9997fed94dcf83367e8a10a2,,1458
620,500,1676454587,1802304000,0x51ecc9e8efdd18f740cc1791f6d55109ebec7ac1,,1457
621,1615,1676461343,1722470400,0x5e48de61d7ee32c5ae30d434d792dd848d3dde35,,533
622,5001,1676481707,1802304000,0x51ecc9e8efdd18f740cc1791f6d55109ebec7ac1,,1456
623,100,1676556863,1802304000,0xc37682abec53b0fdcc619b811561744ec6b2cbe3,,1455
624,500,1676558255,1719446400,0xed420f5f00186fa868aff815f9f5725be1cadc6d,,496
626,104,1676629979,1802304000,0xae4afe29504f999795227da161b17675b178204a,,1455
628,513,1676719127,1802304000,0x3f547239849263f9e3383413cb4742e098404d39,,1454
629,101,1676754995,1802304000,0xda075478a7110b608bb857be507f9e8769093d49,,1453
631,100,1676819819,1802908800,0x40c6372885e15429acdc39671c11fe847a166501,,1459
632,101,1676923991,1802908800,0xe0f0c1f4c1549cfe125d26af190006d67087b53a,,1458
635,100,1677102995,1802908800,0x547283f06b4479fa8bf641caa2ddc7276d4899bf,,1456
637,100,1677105395,1802908800,0x547283f06b4479fa8bf641caa2ddc7276d4899bf,,1456
638,100,1677105395,1802908800,0x547283f06b4479fa8bf641caa2ddc7276d4899bf,,1456
639,100,1677105395,1802908800,0x547283f06b4479fa8bf641caa2ddc7276d4899bf,,1456
640,100,1677105395,1802908800,0x547283f06b4479fa8bf641caa2ddc7276d4899bf,,1456
641,100,1677161375,1802908800,0x547283f06b4479fa8bf641caa2ddc7276d4899bf,,1455
645,100,1677163511,1802908800,0x4639a3a9ca83f496adaef4d1e2bfa82bced7921f,,1455
646,100,1677163559,1802908800,0x57986e0f27ad2997f06f960c86f962b9e5dd4d00,,1455
647,100,1677163571,1802908800,0x57986e0f27ad2997f06f960c86f962b9e5dd4d00,,1455
648,100,1677164795,1802908800,0x57986e0f27ad2997f06f960c86f962b9e5dd4d00,,1455
650,100,1677165071,1802908800,0x19949919306c9c178bd744a7b3013f3f101086ec,,1455
651,100,1677165275,1802908800,0x57986e0f27ad2997f06f960c86f962b9e5dd4d00,,1455
653,100,1677474203,1803513600,0x51ecc9e8efdd18f740cc1791f6d55109ebec7ac1,,1459
654,300,1677519011,1803513600,0x13b19fd63d34be9d3d6d25ebd7142134c0cfc725,,1458
655,200,1677519047,1803513600,0x4892db7037c4a4d1298fb58cce082008263a8416,,1458
656,200,1677519107,1803513600,0xcf015336fab19facb207a21bdf0828766db1e113,,1458
657,200,1677519155,1803513600,0x7ed71581fcde4e8f11952b73ccebebca15eab6dd,,1458
658,200,1677519191,1803513600,0xb10fa39325432e618d819462836e689780f892d5,,1458
659,313,1677596675,1803513600,0x73807a4e6eab716e246265a2c7fc69920a690215,,1457
660,1400,1677618791,1803513600,0x33293ae4890eed51c49861ddd9c042f8a6199fea,,1457
661,101,1677646835,1803513600,0xc800b3efe34f5a095abb46f7f6c2ef2169926048,,1457
662,277,1677649151,1803513600,0x4ee470e115b1eb569920725093c41430eb528e95,,1457
663,103,1677745067,1803513600,0xe48b9fee5cf3dc76b33e62293dc76c9bc337f326,,1456
664,5000,1677777875,1803513600,0x3c15422bbf572b7c9760e4d9f1f7144c38d63e3a,,1455
666,100,1677821579,1803513600,0x57986e0f27ad2997f06f960c86f962b9e5dd4d00,,1455
667,100,1677821579,1803513600,0x57986e0f27ad2997f06f960c86f962b9e5dd4d00,,1455
668,100,1677821579,1803513600,0xf3b1c99ff41836dbd20eaa1a5d502213a49ec997,,1455
669,100,1677821579,1803513600,0xaca023bc7dbabee8f12faca64e2ec4601ba278a5,,1455
670,100,1677821579,1803513600,0xb3dfdea360ae38779b8fd9645290a46f939caed0,,1455
671,100,1677821579,1803513600,0x4639a3a9ca83f496adaef4d1e2bfa82bced7921f,,1455
672,100,1677821579,1803513600,0x2fc01b8222b501e9478292481cd680c8d95518d6,,1455
673,100,1677821579,1803513600,0xae4afe29504f999795227da161b17675b178204a,,1455
675,100,1677821579,1803513600,0x4639a3a9ca83f496adaef4d1e2bfa82bced7921f,,1455
676,100,1677821579,1803513600,0x4639a3a9ca83f496adaef4d1e2bfa82bced7921f,,1455
677,100,1677821579,1803513600,0x7e1bcf2a18d210c317957b4b4dfb92834066340d,,1455
679,100,1677821579,1803513600,0x833c29cb53296f486ef96458ae6c9435834fee6f,,1455
681,100,1677821579,1803513600,0xc1879c9eee3fc50b72e2e2e38e34e089be5ca905,,1455
682,100,1677821579,1803513600,0x7e1bcf2a18d210c317957b4b4dfb92834066340d,,1455
683,100,1677821579,1803513600,0x103b9947f46e033a3944e8f4cd7f9094c7e32bec,,1455
685,100,1677821711,1803513600,0x103b9947f46e033a3944e8f4cd7f9094c7e32bec,,1455
689,103,1677847331,1803513600,0x8b9c90edf20816342eb4704359899e471a2beb67,,1454
692,101,1677922415,1803513600,0xa9f503d17d70a6393c258eedd07ba8766faa1370,,1454
695,100,1678023515,1804118400,0xd9e4f4cfe02539164480d8368a11ee1f10b35174,,1459
703,696,1678059191,1804118400,0x5637b65a9b56b2d6615e4f847ebe832ceef50ba1,,1459
704,210,1678265939,1804118400,0x0dd44846a3cc5b4d82dcd29d78d7291112608f0c,,1457
705,101,1678267043,1804118400,0x0dd44846a3cc5b4d82dcd29d78d7291112608f0c,,1457
706,100,1678286003,1804118400,0x547283f06b4479fa8bf641caa2ddc7276d4899bf,,1456
707,111,1678288967,1804118400,0x547283f06b4479fa8bf641caa2ddc7276d4899bf,,1456
708,104,1678301903,1804118400,0x72806d4ce4ae8e1db7e7abd53ebc5da987f5a89b,,1456
710,100,1678374023,1804118400,0x5744018522fa526dd64009d213ac2009c339c6c0,,1455
711,100,1678374023,1804118400,0x0dd44846a3cc5b4d82dcd29d78d7291112608f0c,,1455
712,100,1678374023,1804118400,0x13b19fd63d34be9d3d6d25ebd7142134c0cfc725,,1455
714,100,1678374035,1804118400,0xa42b37b50fe7f1a4850e66881c22e80a80a08240,,1455
715,100,1678374035,1804118400,0x57986e0f27ad2997f06f960c86f962b9e5dd4d00,,1455
718,100,1678374035,1804118400,0x941b6117f7059c484d66e8f24ed38cb40a1667cd,,1455
719,100,1678374035,1804118400,0x6ae07f823e9be3889ddd984716fad9faf3836d76,,1455
720,100,1678374035,1804118400,0x7e3725ab300dce7f6b47183232e44e538dfdacaa,,1455
721,100,1678374035,1804118400,0x57986e0f27ad2997f06f960c86f962b9e5dd4d00,,1455
722,100,1678374035,1804118400,0x857db2aa6295cce3bb4ba4f11f81c0fd58a37b6e,,1455
723,100,1678374035,1804118400,0x1501063e74f751c4e64a8d9fe539dbed75999999,,1455
724,100,1678374047,1804118400,0x4b8fce0ba733ab8e39be19508706c1bdbb78987e,,1455
725,100,1678374047,1804118400,0x658522b217cd9761147977d7d91cdc851825deb0,,1455
726,100,1678374047,1804118400,0x57986e0f27ad2997f06f960c86f962b9e5dd4d00,,1455
727,100,1678374047,1804118400,0x4892db7037c4a4d1298fb58cce082008263a8416,,1455
729,100,1678374047,1804118400,0x6ccff7807fc71fd391c64ed2d77b1ed91e576128,,1455
730,100,1678374095,1804118400,0xb47a8fd66aa14c68b9ed1f5457e4870f512b194a,,1455
731,100,1678374095,1804118400,0x72ed66c70ab5e7598f6120e0e1c616c608bb7629,,1455
732,100,1678374095,1804118400,0xac4a1c8c3633d1ac61b976236d33d781775cad17,,1455
733,100,1678374095,1804118400,0xa00706c3b08db136a9e9300d0c5d22444b03b877,,1455
734,100,1678374095,1804118400,0xddfb5f05589fcbfb99cb7b5ce4d549980c65cf6a,,1455
735,100,1678374095,1804118400,0x5cf917f5ca57960c17e7c8a935d97c9193939c84,,1455
736,100,1678374095,1804118400,0xcfa69e7e5bd20a12eb676a03a350925b296143c5,,1455
737,100,1678374107,1804118400,0xbb1edb8c64d7baa322fadfd13d4a5db96d02a2e1,,1455
738,100,1678374107,1804118400,0xe20c7e2ac3813bb80070938c6d21fbc0f91b0c00,,1455
739,100,1678374119,1804118400,0xbef65d1773b13c23fcf9b5ed1d48c9747f26a53f,,1455
740,100,1678374119,1804118400,0xa9d4665c1de37b9aed39ca855175eedbb421a35a,,1455
741,100,1678374131,1804118400,0xbaba55af21e34f5209a83086c5c0156532a8d168,,1455
743,100,1678374179,1804118400,0x42e86399bf7a083c3fd967d0853a1dac96854b14,,1455
745,100,1678374179,1804118400,0x57986e0f27ad2997f06f960c86f962b9e5dd4d00,,1455
746,100,1678374179,1804118400,0x736106ae928a3325263117bd952cc877c07e37e6,,1455
747,100,1678374215,1804118400,0x57986e0f27ad2997f06f960c86f962b9e5dd4d00,,1455
749,100,1678374251,1804118400,0xd0d18801e55c24793d062989661ef219b8821e25,,1455
750,100,1678374251,1804118400,0xe5dbd125da82787b8413912b2676dcdc66df7d7b,,1455
751,100,1678374251,1804118400,0xfb1108b2b93e1cf84823a065f3d9507d8a34224a,,1455
752,100,1678374251,1804118400,0x57986e0f27ad2997f06f960c86f962b9e5dd4d00,,1455
753,400,1678374287,1804118400,0xe9442731e5c6db811b2efaef1e0d9abe62bf30db,,1455
755,100,1678374287,1804118400,0xe1ebb3c8f3d7976f993ba2dc15955b6ea89daa70,,1455
756,100,1678374299,1804118400,0xc184d2c0b2dfbed1432a11054e451f1a469c5897,,1455
757,100,1678374299,1804118400,0x57986e0f27ad2997f06f960c86f962b9e5dd4d00,,1455
758,100,1678374347,1804118400,0x6945b43512cf7dabf002533bc4a01a49fd920372,,1455
759,100,1678374419,1804118400,0x57986e0f27ad2997f06f960c86f962b9e5dd4d00,,1455
760,100,1678374431,1804118400,0xf9bf5735755319da8cc648a392d58c0e639ebe28,,1455
761,100,1678374491,1804118400,0x8b9c90edf20816342eb4704359899e471a2beb67,,1455
762,100,1678374587,1804118400,0x857db2aa6295cce3bb4ba4f11f81c0fd58a37b6e,,1455
764,100,1678374815,1804118400,0x5e48de61d7ee32c5ae30d434d792dd848d3dde35,,1455
765,115,1678374923,1804118400,0xfee97d0db443c825459f740e070beb0d782457a5,,1455
766,100,1678374935,1804118400,0x4dff6c3c5d0f3490b5f8874b1556e3360b5bb93d,,1455
767,100,1678374971,1804118400,0x21606ee18fc1c9b398c25f56e98e6035ab434299,,1455
768,100,1678375007,1804118400,0x57986e0f27ad2997f06f960c86f962b9e5dd4d00,,1455
769,100,1678375055,1804118400,0x0040daac32d83c78546ae36da42a496b28ab09e1,,1455
770,100,1678375115,1804118400,0x5c8762d3e00d60a2335220ca47dd5a7ee9f7f3d0,,1455
771,100,1678375211,1804118400,0x540e41e73f682e976db5e6b85fe11e7b438d30e9,,1455
772,100,1678375211,1804118400,0x103b9947f46e033a3944e8f4cd7f9094c7e32bec,,1455
773,100,1678375259,1804118400,0xed420f5f00186fa868aff815f9f5725be1cadc6d,,1455
774,100,1678375295,1804118400,0x57986e0f27ad2997f06f960c86f962b9e5dd4d00,,1455
775,100,1678375343,1804118400,0x4415d2b6022634826976ab797fd26f1f7e7ea347,,1455
776,100,1678375439,1804118400,0x41f8cd92ebc079ca8392c69ca72e30751dfdc166,,1455
777,100,1678375463,1804118400,0x5078bd10db4b5005004ad6b5910f025b33f18fb2,,1455
778,100,1678375487,1804118400,0xc661384239e4099df0e3fde9f2cc02b10c5c5387,,1455
779,100,1678375547,1804118400,0xad47c8b0d224c4a9dd431b2877ccdb886eb52949,,1455
780,100,1678375811,1804118400,0x37f31de56cd8844c8170c54877a201af3541ae12,,1455
781,100,1678375955,1804118400,0x4dff6c3c5d0f3490b5f8874b1556e3360b5bb93d,,1455
782,100,1678375967,1804118400,0x4639a3a9ca83f496adaef4d1e2bfa82bced7921f,,1455
783,100,1678376039,1804118400,0x8af163e286773ba2d80912cb2f18efdad51cb2ab,0x7e44bA2f5f42Aa7c5da1Be152737d376A57b8377,1455
784,100,1678376051,1804118400,0x4dff6c3c5d0f3490b5f8874b1556e3360b5bb93d,,1455
785,100,1678376075,1804118400,0xf1e59a9e96afaf1ae0e3e61a5560c977368b5e29,,1455
786,100,1678376147,1804118400,0x4dff6c3c5d0f3490b5f8874b1556e3360b5bb93d,,1455
787,100,1678376183,1804118400,0x216752d7d00a94dd4ebcc44d4559119b7dcff3a6,,1455
788,100,1678376195,1804118400,0x57f65790fa373e1c74ec570048a2c7b10668ad93,,1455
789,100,1678376303,1804118400,0xd12f7b377a09b318ca6c5cc9c391638fc913c9ac,,1455
790,100,1678376351,1804118400,0x44933fcd38823510b05671e97b4a5c873ef03827,,1455
791,100,1678376399,1804118400,0x2c04892c550b7824ec3fb1c9c5a7f33bf6234128,,1455
792,100,1678376435,1804118400,0x350a885ea8744c28a26e6b874dd7a50c5d0e72be,,1455
794,100,1678376687,1804118400,0xe41fb5c86a81ff8a622fcba514ef85aa8107afb3,,1455
795,100,1678376699,1804118400,0xc234ed91e5a2ba62d8b0202350b47e1bb2611a83,,1455
796,100,1678376747,1804118400,0x1f906ab7bd49059d29cac759bc84f9008dbf4112,,1455
797,100,1678376783,1804118400,0xd23e5d6a6022fdd32566f47f2a3ddc3c8e9fe804,,1455
798,100,1678376783,1804118400,0xd1face6de6666e36d4601d7a5a99f035cc05d7c3,,1455
799,100,1678376819,1804118400,0xc91e4c173f5a51e9ad48a06c54edd69aad535427,,1455
800,100,1678376903,1804118400,0xc76410870aa6157ba8b8852d1f79ac74c39b043d,,1455
801,100,1678377059,1804118400,0x30c41aa8676a64f44a8b58ba92fbd631e2d486b6,,1455
802,100,1678377095,1804118400,0xcccc1ae0aa9846f44a5978942b266260c3b5b9cd,,1455
804,100,1678377131,1804118400,0x11d90c7d8907f81ff159c9c815b8c442f90da6ce,,1455
805,100,1678377155,1804118400,0x12b8f1c47d93d7e74e5191ea11d653896686682f,,1455
806,100,1678377227,1804118400,0x0e14b09cd66728ae56580c00a5cbefa4bcfb753f,,1455
807,100,1678377251,1804118400,0x06d7e91ca4337e1bcc2192996eeb205a93d4ebbb,,1455
808,100,1678377263,1804118400,0x77692ec8dff80d651c4e27574234429861e06a8f,,1455
809,100,1678377323,1804118400,0xf954248fa88b5d0720611f4edfdc53dcec984454,,1455
810,100,1678377503,1804118400,0x57986e0f27ad2997f06f960c86f962b9e5dd4d00,,1455
811,100,1678377719,1804118400,0xc7daecb3b428fb1c450d311e2a558bd00e182c71,,1455
812,100,1678378271,1804118400,0x57986e0f27ad2997f06f960c86f962b9e5dd4d00,,1455
813,100,1678378343,1804118400,0x857db2aa6295cce3bb4ba4f11f81c0fd58a37b6e,,1455
814,100,1678378475,1804118400,0xd5a8d8bda463a5b36ea9c42605e5e3029ee49623,,1455
815,100,1678378871,1804118400,0xb3dfdea360ae38779b8fd9645290a46f939caed0,,1455
816,100,1678379015,1804118400,0x103b9947f46e033a3944e8f4cd7f9094c7e32bec,,1455
818,100,1678379051,1804118400,0xd967b64cea8e40df4f03333679b39880579aefe1,,1455
820,100,1678379423,1804118400,0x4ee470e115b1eb569920725093c41430eb528e95,,1455
821,100,1678379471,1804118400,0xce8b14cebe96ae229f05fbb47b12869e1e99b73e,,1455
823,100,1678379999,1804118400,0x3bf43d5f01e2de17875111cd2b86aea6a08e3704,,1455
824,100,1678380191,1804118400,0x0c9a01a29d64a4c54497f2780a1f6a49bd89ee97,,1455
825,100,1678380275,1804118400,0x1afd6ccae0866ad6ea739e40131d0eaa50dd1573,,1455
826,100,1678380611,1804118400,0x659082a1b071fe769fd4fc8acc3c056986375081,,1455
827,100,1678382231,1804118400,0x33293ae4890eed51c49861ddd9c042f8a6199fea,,1455
828,100,1678382531,1804118400,0x78529a5325a7cbfe0208a6fe99a829ea28b09946,,1455
829,100,1678382783,1804118400,0xe48ff39b6811fd3bc5c81b8eb2d7a2c5b2604863,,1455
830,100,1678382843,1804118400,0x33293ae4890eed51c49861ddd9c042f8a6199fea,,1455
832,100,1678382927,1804118400,0x33293ae4890eed51c49861ddd9c042f8a6199fea,,1455
833,100,1678382987,1804118400,0x33293ae4890eed51c49861ddd9c042f8a6199fea,,1455
834,100,1678383611,1804118400,0x46df537be86be25e287404ea2d8c204f45b27f3d,,1455
835,100,1678384091,1804118400,0x06c6c102a99aef64a89882f5f407f3c2de5ae9cc,,1455
836,100,1678384667,1804118400,0x270595e1e45e4d28e8eda95747f2e222aaa755ea,,1455
837,100,1678384967,1804118400,0x5637b65a9b56b2d6615e4f847ebe832ceef50ba1,,1455
838,100,1678385027,1804118400,0x5637b65a9b56b2d6615e4f847ebe832ceef50ba1,,1455
839,100,1678385891,1804118400,0x58f51054dd23c19b9cc1e59461bedbf85757df0b,,1455
840,100,1678389311,1804118400,0x686f945ea0ce22c6e30923fdd5f8802d277f938a,,1455
841,100,1678390571,1804118400,0x4712ee1edcdd60a2d700609c02636e123c2a2f95,,1455
842,100,1678390631,1804118400,0x70008ba343cfe341473191bae00b169bc834d77c,,1455
843,100,1678391003,1804118400,0x2cafe9cba9da5a49e3ff28eb63958c2583cd552a,,1455
844,100,1678391063,1804118400,0x103b9947f46e033a3944e8f4cd7f9094c7e32bec,,1455
845,100,1678398227,1804118400,0x74464d7e3e8d4e89efc8b526d9afca0fd670bf61,,1455
846,100,1678399499,1804118400,0x857db2aa6295cce3bb4ba4f11f81c0fd58a37b6e,,1455
847,100,1678400267,1804118400,0x857db2aa6295cce3bb4ba4f11f81c0fd58a37b6e,,1455
848,100,1678400543,1804118400,0x51ecc9e8efdd18f740cc1791f6d55109ebec7ac1,,1455
849,100,1678401443,1804118400,0x1ff4c0ae0f386c16d297d7580b872da90fadae2c,,1455
850,100,1678402535,1804118400,0x3be8aecc8a97d93137c3570a45a5950ab7bae99d,,1455
851,100,1678402799,1804118400,0xd3022599033430bf3fdfb6d9ce41d3cda7e20245,,1455
852,100,1678402823,1804118400,0xa9164c213fd8d496ba0a5624b4b29a21bbd45e9c,,1455
853,100,1678403819,1804118400,0xb695010aa556bcd55ad096234a0a0816c6efee44,,1455
854,100,1678403963,1804118400,0x103b9947f46e033a3944e8f4cd7f9094c7e32bec,,1455
855,100,1678404371,1804118400,0x4c4c0cdaf59d347d73e2a10d3aef6c72b30a5f72,,1455
856,100,1678404419,1804118400,0x103b9947f46e033a3944e8f4cd7f9094c7e32bec,,1455
857,100,1678404863,1804118400,0x84400c5e12bcbf953fb01f61695733ccc5f260bc,,1455
858,100,1678404947,1804118400,0x0b770d8d86c4d23ae4f8d5da9374cb64d77e2f3c,,1455
859,206,1678406039,1804118400,0xe6852064dd70d3c956cb58bd75c4359606500efa,,1455
860,100,1678407287,1804118400,0x5d4491c1ac5c5915aa981ead91039434ac208b97,,1455
861,100,1678407551,1804118400,0x768ee9e25aa1d8f5d36c649d1e1d99d8565646eb,,1455
862,100,1678413071,1804118400,0x5435dc50ff2a145f69afb05e7cc8b12fb629a17b,,1455
863,100,1678413251,1804118400,0x1af39fb2578c1fe55439840f586f7bed40e8126c,,1455
864,100,1678413251,1804118400,0xbcb8295d192b1ee9b61b0c89cff33f8d840966d4,,1455
865,100,1678413251,1804118400,0xb75d94b05156938df46ab456e33ce4c9cdf93d73,,1455
866,100,1678413959,1804118400,0x733ab33409a1f7e24075c1869a81305b653bf2cf,,1455
867,100,1678414187,1804118400,0xee5cb2df73e9e810dd4d6216cfef9358053b319c,,1455
868,100,1678414343,1804118400,0xe41fb5c86a81ff8a622fcba514ef85aa8107afb3,,1455
869,100,1678414487,1804118400,0x7fc663ea0d509a53282b1b54249a6290388438a2,,1455
870,100,1678414907,1804118400,0x19dd9902ffe25930315b98cc5c0f6f04dc844a53,,1455
871,100,1678418627,1804118400,0x103b9947f46e033a3944e8f4cd7f9094c7e32bec,,1455
872,100,1678418699,1804118400,0x103b9947f46e033a3944e8f4cd7f9094c7e32bec,,1455
873,100,1678418951,1804118400,0x69ae243098ca90e0e86cd86fb4fe76b792554b41,,1455
874,100,1678419419,1804118400,0xb4eb7610c445d25f616edb02e8034c6fdd997cc9,,1455
875,100,1678419539,1804118400,0x51ecc9e8efdd18f740cc1791f6d55109ebec7ac1,,1455
876,100,1678419647,1804118400,0x29f0ebfb14e46128a0df60c760b1e42c8e35549a,,1455
877,100,1678419887,1804118400,0x103b9947f46e033a3944e8f4cd7f9094c7e32bec,,1455
878,100,1678422323,1804118400,0x6b9a5a31af69c6c704a9b705e4eff0d7a0a2e20e,,1455
879,100,1678424507,1804118400,0x17bc9331ff977cab492d76a094683187b6bfbe48,,1455
880,100,1678424903,1804118400,0xbfcff3aa2579219ea47bbdc783d3e5afb2174895,,1455
881,100,1678425131,1804118400,0x12d641dd8ebd0c59b3c0fbd89b8100e35261e726,,1455
882,100,1678425143,1804118400,0xf661ee1a3dc61ff13ad52583833ea0d95fa00f96,,1455
883,100,1678425239,1804118400,0xbfcff3aa2579219ea47bbdc783d3e5afb2174895,,1455
884,100,1678425371,1804118400,0xf661ee1a3dc61ff13ad52583833ea0d95fa00f96,,1455
885,100,1678426379,1804118400,0x8b9c90edf20816342eb4704359899e471a2beb67,,1455
886,100,1678426955,1804118400,0x8ada63fdbaf414af7eb9b48deebef4f27ddb06ca,,1455
888,100,1678427651,1804118400,0xb4eb7610c445d25f616edb02e8034c6fdd997cc9,,1455
889,100,1678428203,1804118400,0x103b9947f46e033a3944e8f4cd7f9094c7e32bec,,1455
890,2098,1678428527,1804118400,0xe48ff39b6811fd3bc5c81b8eb2d7a2c5b2604863,,1455
891,100,1678428911,1804118400,0x103b9947f46e033a3944e8f4cd7f9094c7e32bec,,1455
892,100,1678429643,1804118400,0x4ca0902cfdfc1a89383f7303c0a357b3ab1ab5cb,,1455
893,600,1678429703,1804118400,0xb0be813ab2c9b75049431cf764cead97faaf5368,,1455
894,100,1678429715,1804118400,0x63b38cfd568b5ba7f3e124b5a70603262d834e5f,,1455
895,100,1678429823,1804118400,0x63b38cfd568b5ba7f3e124b5a70603262d834e5f,,1455
899,100,1678430447,1804118400,0x399a0ab358cd880b7df71896cdc8cc233ec1134a,,1455
900,100,1678430819,1804118400,0x298681277a64b8ee68e663bc1bf6c38518fb8371,,1455
901,100,1678431599,1804118400,0xec099da9ea96c4ccfefc9f2438ca750991d44188,,1455
902,100,1678432355,1804118400,0x1ff5476b447250ac5782ef95746c6142ace00cbf,,1455
903,100,1678432763,1804118400,0x3040b76bdd4d73472036cf9845e9a87008123946,,1455
904,100,1678433027,1804118400,0x103b9947f46e033a3944e8f4cd7f9094c7e32bec,,1455
906,100,1678433267,1804118400,0xf661ee1a3dc61ff13ad52583833ea0d95fa00f96,,1455
907,100,1678433639,1804118400,0x4ee470e115b1eb569920725093c41430eb528e95,,1455
908,100,1678433855,1804118400,0x13940999f20e839628774ebba1a266c9cc829ff2,,1455
909,100,1678433891,1804118400,0x2cafe9cba9da5a49e3ff28eb63958c2583cd552a,,1455
910,100,1678433975,1804118400,0x0d32e30dff9779d13cc9cb9e049248de95278b70,,1455
911,100,1678434335,1804118400,0x6f1de45fd874392055b00733c5e11cb07b364a59,,1455
912,100,1678434407,1804118400,0x103b9947f46e033a3944e8f4cd7f9094c7e32bec,,1455
913,100,1678434971,1804118400,0x60cec6fa60a6880b518f9b78b9422740130ecf9a,,1455
914,100,1678435079,1804118400,0x73e7acb056b29ae391e15eb47b1a01ee220c937c,,1455
915,100,1678436183,1804118400,0xbeb439195367d87184733badb1f4f26a7df9c576,,1455
916,100,1678436747,1804118400,0x06d7e91ca4337e1bcc2192996eeb205a93d4ebbb,,1455
917,100,1678437383,1804118400,0x2439b286197100dce010952548076eedd22a37e8,,1455
918,100,1678437755,1804118400,0x3b2cdb4c4cdfe3248fd722515115826b27bbfb39,,1455
919,100,1678438235,1804118400,0x7c1e8970b36e6a327255035314f6f7b57c20eb58,,1455
920,100,1678438391,1804118400,0xb844489ab4c2ae18213c03b352784d9c1a51fc4f,,1455
922,100,1678439627,1804118400,0xb695010aa556bcd55ad096234a0a0816c6efee44,,1455
923,100,1678439807,1804118400,0x002e50c13897f66ff0ee29a15e01bef313c6eb19,,1455
924,100,1678439819,1804118400,0x6c1ebb5e64b587cde90d9a2cf2af6ab25ff04635,,1455
925,100,1678439891,1804118400,0x12301c4090005d42bf8228f54ce6817b9ad34a80,,1455
927,100,1678440155,1804118400,0x2a536d25ff4aa6e750faa85f435f9a6f64d550f5,,1455
928,100,1678440167,1804118400,0x5372accb490a498f9a0ea9d1050932c32e306d8d,,1455
929,100,1678440263,1804118400,0x2de85ecd7067682a3c2efb71536205e89d2900cd,,1455
930,100,1678440275,1804118400,0xbffd1923066174eee3e4ba89bdaac021bd4760e0,,1455
931,100,1678440299,1804118400,0xe3455715d5e782979c0f4df3e82ac8e080a34910,,1455
932,200,1678440383,1804723200,0xb695010aa556bcd55ad096234a0a0816c6efee44,,1462
933,100,1678440395,1804118400,0xad8d00f5188c2ebbcc61b7a8ae09a5c7bb8372a5,,1455
934,100,1678440431,1804118400,0xb695010aa556bcd55ad096234a0a0816c6efee44,,1455
935,100,1678440455,1804118400,0xba4846c704a69e8148ac1d57561a78350c27b3c4,,1455
937,100,1678440503,1804118400,0x5372accb490a498f9a0ea9d1050932c32e306d8d,,1455
938,100,1678440791,1804118400,0x211d88edbb32ccb912c6fe0a01680e74611707f5,,1455
939,100,1678440803,1804118400,0x48731a48591b8a1869fa0f742334532a88b2ce92,,1455
940,100,1678440851,1804118400,0x5372accb490a498f9a0ea9d1050932c32e306d8d,,1455
941,100,1678440851,1804118400,0xb695010aa556bcd55ad096234a0a0816c6efee44,,1455
942,100,1678441247,1804118400,0x3ae9a45bc6606ec1bbde71a98dd2ec6cedabfaab,,1455
944,100,1678441463,1804118400,0xeab8c53291129f7d94c2e081b6c8f9367674628a,,1455
946,100,1678441655,1804118400,0xa75decf7d15d9226140df436405b8d1dc35cc2cc,,1455
947,100,1678442111,1804118400,0x8209b5a720606ba88637d537c7e4be6b8d81cc84,,1455
948,100,1678442111,1804118400,0x9176d642f6df14d2d17de4fa3bfd659246d006d4,,1455
950,100,1678442195,1804118400,0x5e186dbd5330e7c9f827cb031a5a1394ddd49f69,,1455
951,100,1678442195,1804118400,0xa5c0b000eecce92b6ca272a3160b0701b0a0b5cb,,1455
952,100,1678442231,1804118400,0xc69063dc0eb88ca3af087ede50fb90cb4f5177f1,,1455
953,100,1678442255,1804118400,0x28acd968eae9a3c09f02b8f4a8fdd7088ac4a1a8,,1455
954,100,1678442291,1804118400,0x857db2aa6295cce3bb4ba4f11f81c0fd58a37b6e,,1455
955,100,1678442327,1804118400,0x7a56e381295dc6662f777686c28ad12c73cdb450,,1455
956,100,1678442363,1804118400,0x0242303d00d33922db5c32915ab3972c09dda99a,,1455
957,100,1678442591,1804118400,0xf661ee1a3dc61ff13ad52583833ea0d95fa00f96,,1455
958,100,1678442603,1804118400,0x5850e5e31b7dc61180a655fbbce3b37bcc916338,,1455
959,100,1678442639,1804118400,0xa7647b17a1b6a748f451f13f381e489deb706fec,,1455
963,100,1678443551,1804118400,0x788d9a4e3a1117bce6e5b16b91c71fe4aee48c8a,,1455
967,100,1678444187,1804118400,0x5f1f51f416705fd10428cca6623691c3ab86764d,,1455
969,100,1678447451,1804118400,0x6f4cb66f398b5e2cb36b14d7e6c773c93c04d986,,1455
970,100,1678450703,1804118400,0x864d5e402a7eb590b79290552cf70fc95325c426,,1454
971,100,1678452047,1804118400,0xb8221d5fb33c317cfbd912b8ce4bd7c7740faf88,,1454
972,100,1678452131,1804118400,0x5372accb490a498f9a0ea9d1050932c32e306d8d,,1454
974,100,1678453211,1804118400,0x00eb6875abbf6a1affae107ea776a52a7fe55ce6,,1454
975,100,1678453247,1804118400,0x6cf8a2ab9205a2e8c1ea1e29a6651ace633f8226,,1454
977,100,1678454063,1804118400,0x7fe33afe1109a52d7f6311cc0b8b8388d547ea5c,,1454
978,100,1678454855,1804118400,0xbf060ab0b6095189da0fca8102d6b80e0e937c09,,1454
979,100,1678454867,1804118400,0xb66747241e41f0f44d7cd2d9ce0d08febbb7bf0e,,1454
980,100,1678461515,1804118400,0x07b3103f8eceee53f233e58d6b4481edab2784a1,,1454
981,100,1678480391,1804118400,0xe4de25467f9f0e247f478db3f0dd5896750ab305,,1454
982,100,1678482959,1804118400,0xce1ebe497f5ac5d214c52fb37efb36bd137c00da,,1454
983,100,1678487279,1804118400,0xbd60d1a6be7bc900bd748d5eeab7466770a685be,,1454
985,100,1678573247,1804118400,0xb122cc8b0f4648cbd2bd74ba8c78485a75a50d45,,1453
986,100,1678578551,1804118400,0xaefd96038fb15a63351d02be465fe3f7f5e66bf1,,1453
989,100,1678590875,1804723200,0xa1a3331cc412fc9b4be1f6e8e0fe2db20775fe42,,1460
990,100,1678591283,1804723200,0x51ecc9e8efdd18f740cc1791f6d55109ebec7ac1,,1460
991,100,1678598579,1804723200,0xa1a3331cc412fc9b4be1f6e8e0fe2db20775fe42,,1460
992,100,1678601051,1804723200,0xd0d18801e55c24793d062989661ef219b8821e25,,1460
993,100,1678603787,1804723200,0xe87f7d66607bab70fc30812177eddd85725a2925,,1460
994,100,1678607123,1804723200,0xa1a3331cc412fc9b4be1f6e8e0fe2db20775fe42,,1460
995,100,1678612187,1804723200,0x4305559385ac38558235a9e198379bdf8fdcb7be,,1460
996,100,1678616903,1804723200,0xd9e4f4cfe02539164480d8368a11ee1f10b35174,,1460
997,100,1678618775,1804723200,0x19200af6ddb1e1338a1a3b5ea191acdccfe26546,,1460
998,100,1678630439,1804723200,0xff98f3cfa8f203e760c7c24cfc71b1bac9e5670d,,1459
999,35000,1678641611,1709769600,0x23976fb0311d85b2d559e3ed2d0810ebd231cb78,0x7202136d70026DA33628dD3f3eFccb43F62a2469,360
1000,100,1678647455,1804723200,0x872dd89b6bf055f8890f379d797eee22224a005c,,1459
1001,100,1678648007,1804723200,0xf3c60d902f57ab0c36473d7421238dacfd38d1df,,1459
1004,1637,1678684943,1741219200,0x3d82bd8155005dd721dfdc311534cfde980cd11c,,724
1005,1000,1678699931,1804723200,0xf3c60d902f57ab0c36473d7421238dacfd38d1df,,1459
1006,100,1678707947,1804723200,0x4d10ed39382efc7410cf3fd5928dd84599f019e4,,1459
1007,100,1678728395,1804723200,0xc1879c9eee3fc50b72e2e2e38e34e089be5ca905,,1458
1010,304,1678751819,1804723200,0xc298585cb7bca511bfe5f33a1ab44b56a7c9893e,,1458
1011,100,1678774511,1804723200,0x4639a3a9ca83f496adaef4d1e2bfa82bced7921f,,1458
1014,8800,1678784999,1804723200,0xc9485cd3bed4d3f841adc35889591fd4e94c987a,,1458
1016,2000,1678785071,1804723200,0x4ee470e115b1eb569920725093c41430eb528e95,,1458
1020,100,1678788011,1804723200,0xc1879c9eee3fc50b72e2e2e38e34e089be5ca905,,1458
1021,100,1678788311,1804723200,0x4639a3a9ca83f496adaef4d1e2bfa82bced7921f,,1458
1022,100,1678788659,1804723200,0x4639a3a9ca83f496adaef4d1e2bfa82bced7921f,,1458
1023,770,1678901891,1804723200,0xfc2a07c3c71b993a623bd33a9fcd6f5f8c3ba3da,,1456
1024,100,1678913075,1804723200,0x175b1aa14ebf9e0761d998bac8d7960bf0705f45,,1456
1025,100,1678939067,1804723200,0x964b2c3df9f29ded421ab05974306255f20a1f98,,1456
1026,100,1678950143,1804723200,0x3edd4601ef01ef4de4f7a4ea265547580d519be5,,1456
1027,100,1678952447,1804723200,0xabb61b62ef940ce72ae8fea044d48883a0523076,,1456
1028,130,1678957223,1804723200,0x2520dfa2a6b4ac42db6a94eac5dd0e6076d64ac4,,1456
1029,500,1678968611,1804723200,0x5ce3bb14dd7ae28fa059384c12c8a26877b91192,,1455
1031,100,1679016491,1804723200,0x2fc01b8222b501e9478292481cd680c8d95518d6,,1455
1033,11530,1679454371,1805328000,0x51ecc9e8efdd18f740cc1791f6d55109ebec7ac1,,1457
1034,301,1679494823,1805328000,0xda78253d99afaf67ac6f8914e7c72ad3b2e6f7cf,,1456
1039,302,1679633447,1805328000,0x855004782d9ad067fff910a89706bf39dcc11e35,,1455
1040,101,1679639735,1805328000,0xf0a3f27c6995e6b783dacfc6d1bccb7e825ac127,,1455
1041,300,1680453383,1806537600,0x6a38966a2d1e52c423f16af0dd6b2b6351f2a88e,,1459
1042,108,1680468599,1806537600,0x058321f16d41f40a4d07fe53fa9b049e63daee15,,1459
1043,103,1680569903,1806537600,0xa43ee1a79368e2e37db97942bd7e41f6a23cd269,,1458
1044,100,1680602687,1806537600,0xf661ee1a3dc61ff13ad52583833ea0d95fa00f96,,1458
1045,100,1680602723,1806537600,0x5e48de61d7ee32c5ae30d434d792dd848d3dde35,,1458
1046,100,1680602759,1806537600,0x831d9794ba02a2fa81caef8202dff99030cf0415,,1458
1047,101,1680830351,1806537600,0x2c06397b344b15123eb81d4c7219711256248dd8,,1455
1048,150,1681133987,1807142400,0x938febabd090cc0a4c70febb7fc6d8229c9b9790,,1458
1049,200,1682669555,1745452800,0xc8ab4c9f23339d0d464f6a52ee71e7a8be7d7d56,,727
1050,100,1684317311,1810166400,0xf661ee1a3dc61ff13ad52583833ea0d95fa00f96,,1457
1051,100,1684317311,1810166400,0xf661ee1a3dc61ff13ad52583833ea0d95fa00f96,,1457
1052,100,1684317311,1810166400,0xbdbf020c5946e0b88b3eba1ca33cc86627a25145,,1457
1053,100,1684317311,1810166400,0xbdbf020c5946e0b88b3eba1ca33cc86627a25145,,1457
1054,100,1684317311,1810166400,0xbdbf020c5946e0b88b3eba1ca33cc86627a25145,,1457
1055,100,1684317311,1810166400,0xbdbf020c5946e0b88b3eba1ca33cc86627a25145,,1457
1056,100,1684317311,1810166400,0x2cafe9cba9da5a49e3ff28eb63958c2583cd552a,,1457
1057,100,1684317311,1810166400,0x2cafe9cba9da5a49e3ff28eb63958c2583cd552a,,1457
1058,100,1684317311,1810166400,0x6b9a5a31af69c6c704a9b705e4eff0d7a0a2e20e,,1457
1059,100,1684317311,1810166400,0xbdbf020c5946e0b88b3eba1ca33cc86627a25145,,1457
1060,100,1684317311,1810166400,0xf661ee1a3dc61ff13ad52583833ea0d95fa00f96,,1457
1061,100,1684317311,1810166400,0x4ee470e115b1eb569920725093c41430eb528e95,,1457
1062,100,1684317311,1810166400,0x7c1e8970b36e6a327255035314f6f7b57c20eb58,,1457
1063,100,1684317311,1810166400,0x7c1e8970b36e6a327255035314f6f7b57c20eb58,,1457
1064,100,1684317311,1810166400,0xf7fba8a566df2cbc5ab0e46ed7b1d213fa07b7e8,,1457
1065,100,1684317311,1810166400,0x964b2c3df9f29ded421ab05974306255f20a1f98,,1457
1066,100,1684317311,1810166400,0xe2cd812f36781609886139549719a59d746c63ca,,1457
1067,100,1684317311,1810166400,0x857db2aa6295cce3bb4ba4f11f81c0fd58a37b6e,,1457
1068,100,1684317311,1810166400,0x58f51054dd23c19b9cc1e59461bedbf85757df0b,,1457
1069,100,1684317311,1810166400,0xc148aa677d894295e91873ade125ba841c6a7d95,,1457
1070,100,1684317311,1810166400,0x46df537be86be25e287404ea2d8c204f45b27f3d,,1457
1071,100,1684317311,1810166400,0xe48b9fee5cf3dc76b33e62293dc76c9bc337f326,,1457
1072,2000,1684317695,1810166400,0x7c1e8970b36e6a327255035314f6f7b57c20eb58,,1457
1073,500,1685111087,1810771200,0x964b2c3df9f29ded421ab05974306255f20a1f98,,1454
1074,100,1685111219,1810771200,0x6b9a5a31af69c6c704a9b705e4eff0d7a0a2e20e,,1454
1075,100,1685111387,1810771200,0x21c867e8d32498339de42676da2b7fdb833d5c9d,,1454
1077,100,1686670079,1812585600,0x121933280434eaca1f153781e01dcab3f0dbf30f,,1457
1078,500,1686670115,1812585600,0x857db2aa6295cce3bb4ba4f11f81c0fd58a37b6e,,1457
1079,100,1686738179,1812585600,0x2950cd304d965dc08da593396a6d8832052ed6f9,,1457
1080,100,1686738203,1812585600,0x19972f3dc1226e966ff4d7201e5c8125d50ff596,,1457
1081,100,1686738239,1812585600,0x19972f3dc1226e966ff4d7201e5c8125d50ff597,,1457
1082,500,1686738299,1812585600,0x61cf0470da804fb52762aa76b25e2b62266b90b8,,1457
1084,6000,1686738587,1813795200,0xc9485cd3bed4d3f841adc35889591fd4e94c987a,,1471
1085,525,1686738731,1812585600,0x857db2aa6295cce3bb4ba4f11f81c0fd58a37b6e,,1457
1086,500,1686739475,1812585600,0x857db2aa6295cce3bb4ba4f11f81c0fd58a37b6e,,1457
1087,500,1686752375,1812585600,0x77cd66d59ac48a0e7ce54ff16d9235a5ffff335e,,1456
1089,500,1686752423,1812585600,0x857db2aa6295cce3bb4ba4f11f81c0fd58a37b6e,,1456
1091,568,1686760907,1812585600,0x19200af6ddb1e1338a1a3b5ea191acdccfe26546,,1456
1092,100,1687181183,1813190400,0x77cd66d59ac48a0e7ce54ff16d9235a5ffff335e,,1458
1093,105,1687257947,1813190400,0x5e5d46747100a6d10797d9432f78380aefc6eebe,,1458
1095,500,1687787111,1813795200,0x77cd66d59ac48a0e7ce54ff16d9235a5ffff335e,,1458
1096,500,1687787159,1813795200,0x7c1e8970b36e6a327255035314f6f7b57c20eb58,,1458
1098,500,1687787255,1813795200,0x4415d2b6022634826976ab797fd26f1f7e7ea347,,1458
1099,500,1687787291,1813795200,0x77cd66d59ac48a0e7ce54ff16d9235a5ffff335e,,1458
1101,500,1687787519,1813795200,0x77cd66d59ac48a0e7ce54ff16d9235a5ffff335e,,1458
1103,500,1687787627,1813795200,0x857db2aa6295cce3bb4ba4f11f81c0fd58a37b6e,,1458
1104,1000,1687788575,1813795200,0x77cd66d59ac48a0e7ce54ff16d9235a5ffff335e,,1458
1107,2505,1690679435,1816819200,0xa68d28655fb1e54abd417b37e8c288caec31dab6,,1460
1108,2525,1691595155,1817424000,0x781159c827fdcc9bfcffb3b76cba2d2af0f8196d,,1456
1109,100,1692279371,1818028800,0xddb04e81af89decb414b147d0e8e027986088bf3,,1455
1110,100,1692539219,1818633600,0x875ed369d6c1c4ef9c7bf2bd8190acb1263cce21,,1459
1111,100,1692540011,1818633600,0xbce83b1f74ad4aa0c2f2e8e5185a74dcb7518056,,1459
1112,100,1692540059,1818633600,0x9319851540f41686cd4f5faf2ca6932494e576af,,1459
1113,100,1692540107,1818633600,0xacf8820ff5fdb5900b24f9abe0f3dcc83d24b80f,,1459
1114,100,1692540155,1818633600,0x19a6abc0f791f58254d9f76acf94b735d6d0bea2,,1459
1115,100,1692540191,1818633600,0xd34074d79c66ae072d06e34b8e7c524e53d5a16e,,1459
1116,100,1693075199,1818633600,0xad8d00f5188c2ebbcc61b7a8ae09a5c7bb8372a5,,1453
1117,500,1693994891,1819843200,0x857db2aa6295cce3bb4ba4f11f81c0fd58a37b6e,,1457
1118,500,1693995035,1819843200,0x857db2aa6295cce3bb4ba4f11f81c0fd58a37b6e,,1457
1119,500,1693995107,1819843200,0x857db2aa6295cce3bb4ba4f11f81c0fd58a37b6e,,1457
1120,20000,1693995131,1819843200,0x77cd66d59ac48a0e7ce54ff16d9235a5ffff335e,,1457
1121,1623,1694181899,1725494400,0x77f176a1decda2f97820e84a805fb6cd6c36adab,,362
1122,500,1695842303,1821657600,0x8b9c90edf20816342eb4704359899e471a2beb67,,1456
1123,500,1696053683,1821657600,0x1c3d0c130265df2adc1ca125c0b45fead8e42d7f,,1454
1124,500,1696053815,1821657600,0x6ae07f823e9be3889ddd984716fad9faf3836d76,,1454
1125,500,1696053875,1821657600,0x60cec6fa60a6880b518f9b78b9422740130ecf9a,,1454
1126,500,1696053923,1821657600,0x857db2aa6295cce3bb4ba4f11f81c0fd58a37b6e,,1454
1127,500,1696053959,1821657600,0x06d7e91ca4337e1bcc2192996eeb205a93d4ebbb,,1454
1128,500,1696054007,1821657600,0xf7fba8a566df2cbc5ab0e46ed7b1d213fa07b7e8,,1454
1129,500,1696054055,1821657600,0x7c1e8970b36e6a327255035314f6f7b57c20eb58,,1454
1130,500,1696054103,1821657600,0x857db2aa6295cce3bb4ba4f11f81c0fd58a37b6e,,1454
1131,1826,1696054139,1821657600,0x2cafe9cba9da5a49e3ff28eb63958c2583cd552a,,1454
1132,500,1696054283,1821657600,0x77cd66d59ac48a0e7ce54ff16d9235a5ffff335e,,1454
1133,759,1696553507,1759363200,0x4d10ed39382efc7410cf3fd5928dd84599f019e4,,727
1134,100,1696770047,1822262400,0xc89b569fc0aa67550e5fea753fa6c6f11324d1f6,,1452
1135,100,1696770119,1822867200,0xf661ee1a3dc61ff13ad52583833ea0d95fa00f96,,1459
1136,100,1696770155,1822867200,0x39f5489d66ff5e257e2b565bf374a0ec2d8192d8,,1459
1137,100,1696770215,1822867200,0x733694a472a23af007936eabfbd426c5f849ddef,,1459
1138,100,1696785755,1822867200,0xf4716f517ec8f4b32fc1e26aae8fbe3a5c8c5ad9,,1459
1139,100,1696785803,1822867200,0xf142a12b848865dd6d6a8ccc43ae624618a541db,,1459
1140,100,1696785851,1822867200,0xfc851991a95eb64fa9d4d015c78d3bb172bd8ec6,,1459
1141,100,1696785875,1822867200,0xe866d12131b458e2ce37281f2c44fe83346b7ff6,,1459
1144,2600,1704076223,1735171200,0xad7bca164882a3d32d63f63ef245200fa81541f3,,360
1145,140,1704757391,1830729600,0xeb65b563d3a1ce05c4d793a58719b171ebe58581,,1458
1146,430,1704762575,1735776000,0x4b60e03d78d2322bc67ccb4b4db082dfd019693b,,359
1147,100,1704901439,1830729600,0x0922b44805cb5d90f35f3b9781aff83b47d722d3,,1456
1148,5000,1705567247,1831334400,0x5f584e47ae6424d361501d29ceb6c271b3761480,,1456
1149,100,1705714835,1831334400,0xe53f4d44c45dbc16a20ab64f8a8b4404ddbbefec,,1454
1150,1000,1705761407,1831334400,0xc20adc2f26799173e333132c74a8c0308aad5337,,1453
1151,107,1705904711,1831939200,0x11e7296c3c4a3fbce8bfa56443f38447633220a1,,1459
1152,100,1705906259,1831939200,0x5ab100f88458e1b137c1123fa9f298fa3eed92af,,1459
1153,100,1705914083,1831939200,0x5eca2041fc3ecb27ede6df1fc17db22ef1d5f52d,,1459
1154,100,1705942967,1831939200,0x13181687bbcd796b78fce9489b46bb02b4cd0c2d,,1458
1155,100,1705975127,1831939200,0x1fe1ebd5e9182e9cc9b3fc023326f97c2622292d,,1458
1156,100,1705977179,1831939200,0xbeffddcf2e84106f77c2b60445dc257d65e19a26,,1458
1157,100,1705984847,1831939200,0xfd565a129bbd6cfaeba00e8ea80a4d088e9d6a3b,,1458
1158,1002,1706037851,1831939200,0x6833338b84eadb845e4db8de6d9e4e378df3794b,,1457
1159,293,1706041523,1831939200,0xc8db552af48842a13ebede1843f4e303bcdfa184,,1457
1160,101,1706249879,1831939200,0x5131dbedaee04af80202bcfae301570e6d17fe6d,,1455
1161,100,1706255567,1831939200,0x7833bb98bf9b155f9824e36b2ec5d7e708a88f9f,,1455
1162,101,1706464487,1832544000,0xb4eb7610c445d25f616edb02e8034c6fdd997cc9,,1459
1163,110,1706825399,1832544000,0xa75decf7d15d9226140df436405b8d1dc35cc2cc,,1455
1164,100,1706843423,1832544000,0x61c867415416e394afaa51f37e911aae79f79698,,1455
1165,100,1706843783,1832544000,0xb6ef5ef1dea4b18dea4dab5711c8733c99d03f35,,1455
1166,125,1706902223,1832544000,0xa75decf7d15d9226140df436405b8d1dc35cc2cc,,1454
1167,138,1706949947,1832544000,0xc7dc2eebca9bc10af7fbe88195ffcbd3db45479d,,1454
1168,105,1707193547,1833148800,0x7999eb15cfc5e19cb6bf86b9e2c425836376c5b6,,1458
1169,23232,1707223007,1730332800,0x46df537be86be25e287404ea2d8c204f45b27f3d,,267
1170,48497,1707266195,1715212800,0x4ddcad765a5a1497c26807078a318b4c1c2fc1e7,,92
1171,30000,1707298655,1770249600,0x7caf113dd8656e569013743e026290a7dec55f84,,729
1172,112,1707304979,1833148800,0x4eb35294d0bd4633f5879cb5436a50ac57b47de5,,1457
1173,100,1707643859,1833753600,0x6bed82137efd1adc5000b313d76f3bc0b4737167,,1460
1174,170088,1707930803,1715212800,0xf2992d041689ae345d819cfcc6948d44444ca7b2,,84
1175,112,1708081115,1833753600,0x68f46b14fd45e4064111cfc39f7ef1a72f989e69,,1455
1176,604,1708211207,1729123200,0x5301a9db184945175d2f870a4d7d68da0c4d7804,,242
1177,305,1708217771,1834358400,0x7c64e824e5784cdf9d96f5fd2892a4bb02b10799,,1460
1178,107,1708614683,1834358400,0x0b41078fe96ad555b13eed39f30d2c7d264fdaf5,,1455
1179,100,1712552123,1838592000,0xcb456ba96229b1ca68165d9eb42407c395933664,,1459
1180,1831,1712552279,1722470400,0xcb456ba96229b1ca68165d9eb42407c395933664,,115
1181,181,1714066775,1839801600,0x0e56c21d80b9a561362f7497c523c4a2925ddfb8,,1455
1182,383,1714067171,1839801600,0x3e4495646313c4b9b316827de8567196a5c95ac8,,1455
1183,305,1714072679,1839801600,0xaf505d3a3bfeb7e8a764c4491b8ffad6f8658d6a,,1455
1184,113,1714072679,1839801600,0x1712c6e69940c195c983d812d3a45b4e4e13fd37,,1455
1185,4294,1714073531,1724889600,0xdd5864a413b7ba1cd438e20ca7a14d0e68fc0bfe,,125
1186,400,1714075859,1745452800,0xeb5a9e32c4871538fa21fa1e7d43ceee9c567be6,,363
1187,100,1714076555,1839801600,0xd1da5650d4b0e4f79ea732953e5b3f0c669a0296,,1455
1188,394,1714079639,1746057600,0xb58f3cd08ed09f8cb3c10c6c591e7b9bd0d64ade,,370
1189,698,1714080083,1732147200,0x532cba28923ab09e527c4323c8e0a8ed73865376,,209
1190,131,1714081823,1839801600,0xd727404a2d5d6980c9a1bb9851021e9c6dcd76c3,,1455
1191,15005,1714083719,1723680000,0x0b03d8a9aa2ed4cb524f6cd9343c9e60feeb3162,,111
1192,1672,1714084091,1723680000,0xd3eabcb7274d0823837e34e3fe0c791f1e04e1c1,,111
1193,100,1714086935,1839801600,0xecc29f931502141f6590b8cc715eb5d8f6c46a4c,,1455
1194,109,1714089815,1839801600,0x696ec3f413f692674057fe2b4cf9ed18ab28599a,,1455
1195,1739,1714097315,1730332800,0x98bddaecaf246663ce48f1468bb2915faaa40f00,,188
1196,109,1714139303,1839801600,0x4c90fc124ceed5cf13da694af39d1c32c2cea1ff,,1454
1197,107,1714142783,1839801600,0x21861c8ff553b5bad59285ff4793a8a67a6acbea,,1454
1198,2278,1714146455,1745452800,0xf84563ea214a0b0999762eeb8d7e0d5686d070d0,,362
1199,101,1714149395,1839801600,0x207f0c4255934582d6e2a98bf19c87ee486e5635,,1454
1200,113,1714151651,1830124800,0xf4fe7d9e3a008440efbf13bef4c8548761c5bce1,,1342
1201,100,1714152407,1839801600,0x28ea97352733398fb14bdce7b43a25e5b55a7e8a,,1454
1202,400,1714158047,1745452800,0x684d40c01e0a381e95eaca13b0115effd6d781b5,,362
1203,300,1714160843,1839801600,0x1920b396867915c7763a9860875d971f81eac9ac,,1454
1204,105,1714165091,1839801600,0x668d7daa7bda4b808c1d651e32e95fd38b835a0a,,1454
1205,320,1714178147,1776902400,0xd06337ff8638eab7849e01baed2ed756ebfa7fe1,,726
1206,100,1714182551,1839801600,0xd7d830cdb029874ee390920ac99aefa5db0515be,,1454
1207,102,1714209815,1839801600,0xc7dea269ba8cbbb7eb9da08622efd8355bbc5f80,,1454
1208,103,1714248947,1839801600,0x2cd6d8a7481fac96f811ad2cebdc451213a164c8,,1453
1209,101,1714254143,1839801600,0x5b9d59ff0aa043b2bded160c9d9bb5164774ea99,,1453
1210,120,1714256243,1839801600,0xb57ef3c5ae92fe409792775de0e44800dbea9065,,1453
1211,102,1714285307,1840406400,0xb98803fa64b2618beb46aaa10b40b6b277ac1772,,1460
1212,130,1714290323,1840406400,0x3a08ca9e3a394c7b947b9ca56493e38176f3428c,,1460
1213,171,1714290911,1840406400,0x216b0544725ba5927867e071521b64fe664c5ce1,,1460
1214,102,1714294547,1840406400,0xeadecbbf63b24a648fbc534a00a30e7cea2e3e82,,1460
1215,101,1714296683,1840406400,0x587ee76ed838e4d73d14fc702d1a44f12f68a9be,,1460
1216,100,1714317263,1840406400,0x9eafccada37f9f52c54cc16e8ed980c6fc0a395d,,1459
1217,101,1714331027,1840406400,0x255d297864377bd4f4bef1c7a55453f986e5201f,,1459
1218,105,1714399355,1840406400,0x646bf56e1d87b353611f456826977a8be2e04f6a,,1458
1219,100,1714402847,1840406400,0x870da2aa00fccd6f644397651f63fef8d07d36f2,,1458
1220,101,1714404083,1840406400,0x6015b9e6286c215f0db0e0d81246d9f0b3667c5a,,1458
1221,105,1714412411,1840406400,0x9793d88fd35101ee9ecddb4719011653912294c9,,1458
1222,100,1714431575,1840406400,0xeee9b28c0bdb042c95a8c301fd88eea256fe184f,,1458
1223,104,1714435667,1840406400,0x4b6d25bbb5c0b7833a757af723f3d56181154f89,,1458
1224,352,1714443815,1840406400,0x487c6480c33f32435f99cfa4b1e09c0d4e4165f7,,1458
1225,100,1714444307,1840406400,0x399b8fde7ef3f8aed046825961e9f7305e14732a,,1458
1226,1004,1714457015,1840406400,0x0ca31c1cf3d25f4e0179461f0d9f6dc3011b0ef3,,1458
1227,103,1714465403,1840406400,0x52017ac1b425df0187b3fe2bd32e8cb2c4ce4c8f,,1458
1228,106,1714473815,1840406400,0x3f7b6e14c4baf794119bef67979c9c2cf2074851,,1458
1229,100,1714518851,1840406400,0x15e9af27556a405de918504a83c307d194c71b39,,1457
1230,185,1714519235,1840406400,0xcfd6ec2124469ffd88078524c388dcfd706e6a43,,1457
1231,104,1714544771,1840406400,0x1b5b44ffa97f884da0e939f5d4d1bd99342956e4,,1457
1232,120,1714559183,1840406400,0x317c2c1967ccdf6559bfbdc30919ee34692cb86f,,1457
1233,103,1714587347,1840406400,0x770afdf9e36b7706b8c916bf507e9af7bf40f807,,1456
1234,101,1714633403,1840406400,0x696a6f7c53c5592ed0c995b5e6c0c5af667a39b2,,1456
1235,500,1714654727,1840406400,0xbac9ac2544a993125e6d81446429397f1901ebb8,,1455
1236,101,1714728803,1840406400,0x02855536652f67cb936851d94c793fb3ba27f9bb,,1455
1237,100,1714729727,1840406400,0x83c671bfb9f6b1439f4906eba9c8514611807330,,1455
1238,100,1714743191,1840406400,0x1e4e3f3c61f69329cdd7fb13a20b352e7575075e,,1454
1239,214,1714745855,1777507200,0x068f4e7418d7dce3cfac1e01a25e0fa6d6ef870f,,726
1240,205,1714747883,1777507200,0x068f4e7418d7dce3cfac1e01a25e0fa6d6ef870f,,726
1241,113,1714801247,1840406400,0x1b0993cba7c557636d2f329f2429f02194b5079a,,1454
1242,101,1714839287,1840406400,0x8b1c8fc76f6bd4f74204cbe6f0974303c8e3057b,,1453
1243,210,1714842383,1840406400,0xaf505d3a3bfeb7e8a764c4491b8ffad6f8658d6a,,1453
1244,5293,1714856723,1733356800,0x253106af8eeac0f3b77685ed9d804422f49ae6bb,,214
1245,10,1661249977,1698278400,0x0dd44846a3cc5b4D82DCD29D78d7291112608f0c,,429
1246,10,1661249977,1698278400,0x0dd44846a3cc5b4D82DCD29D78d7291112608f0c,,429
1247,10,1661249977,1698278400,0x0dd44846a3cc5b4D82DCD29D78d7291112608f0c,,429
